"","country","league","matchday","rk","squad","p","w","d","l","gf","ga","g_diff","pts","season"
"1","England","Games of Matchday 38 Premier League 17/18",38,1,"Man City",38,32,4,2,106,27,79,100,2017
"2","England","Games of Matchday 38 Premier League 17/18",38,2,"Man Utd",38,25,6,7,68,28,40,81,2017
"3","England","Games of Matchday 38 Premier League 17/18",38,3,"Tottenham",38,23,8,7,74,36,38,77,2017
"4","England","Games of Matchday 38 Premier League 17/18",38,4,"Liverpool",38,21,12,5,84,38,46,75,2017
"5","England","Games of Matchday 38 Premier League 17/18",38,5,"Chelsea",38,21,7,10,62,38,24,70,2017
"6","England","Games of Matchday 38 Premier League 17/18",38,6,"Arsenal",38,19,6,13,74,51,23,63,2017
"7","England","Games of Matchday 38 Premier League 17/18",38,7,"Burnley",38,14,12,12,36,39,-3,54,2017
"8","England","Games of Matchday 38 Premier League 17/18",38,8,"Everton",38,13,10,15,44,58,-14,49,2017
"9","England","Games of Matchday 38 Premier League 17/18",38,9,"Leicester",38,12,11,15,56,60,-4,47,2017
"10","England","Games of Matchday 38 Premier League 17/18",38,10,"Newcastle",38,12,8,18,39,47,-8,44,2017
"11","England","Games of Matchday 38 Premier League 17/18",38,11,"Crystal Palace",38,11,11,16,45,55,-10,44,2017
"12","England","Games of Matchday 38 Premier League 17/18",38,12,"Bournemouth",38,11,11,16,45,61,-16,44,2017
"13","England","Games of Matchday 38 Premier League 17/18",38,13,"West Ham",38,10,12,16,48,68,-20,42,2017
"14","England","Games of Matchday 38 Premier League 17/18",38,14,"Watford",38,11,8,19,44,64,-20,41,2017
"15","England","Games of Matchday 38 Premier League 17/18",38,15,"Brighton",38,9,13,16,34,54,-20,40,2017
"16","England","Games of Matchday 38 Premier League 17/18",38,16,"Huddersfield",38,9,10,19,28,58,-30,37,2017
"17","England","Games of Matchday 38 Premier League 17/18",38,17,"Southampton",38,7,15,16,37,56,-19,36,2017
"18","England","Games of Matchday 38 Premier League 17/18",38,18,"Swansea",38,8,9,21,28,56,-28,33,2017
"19","England","Games of Matchday 38 Premier League 17/18",38,19,"Stoke City",38,7,12,19,35,68,-33,33,2017
"20","England","Games of Matchday 38 Premier League 17/18",38,20,"West Brom",38,6,13,19,31,56,-25,31,2017
"21","Spain","Games of Matchday 38 LaLiga 17/18",38,1,"Barcelona",38,28,9,1,99,29,70,93,2017
"22","Spain","Games of Matchday 38 LaLiga 17/18",38,2,"Atlético",38,23,10,5,58,22,36,79,2017
"23","Spain","Games of Matchday 38 LaLiga 17/18",38,3,"Real Madrid",38,22,10,6,94,44,50,76,2017
"24","Spain","Games of Matchday 38 LaLiga 17/18",38,4,"Valencia",38,22,7,9,65,38,27,73,2017
"25","Spain","Games of Matchday 38 LaLiga 17/18",38,5,"Villarreal",38,18,7,13,57,50,7,61,2017
"26","Spain","Games of Matchday 38 LaLiga 17/18",38,6,"Real Betis",38,18,6,14,60,61,-1,60,2017
"27","Spain","Games of Matchday 38 LaLiga 17/18",38,7,"Sevilla FC",38,17,7,14,49,58,-9,58,2017
"28","Spain","Games of Matchday 38 LaLiga 17/18",38,8,"Getafe",38,15,10,13,42,33,9,55,2017
"29","Spain","Games of Matchday 38 LaLiga 17/18",38,9,"SD Eibar",38,14,9,15,44,50,-6,51,2017
"30","Spain","Games of Matchday 38 LaLiga 17/18",38,10,"Girona",38,14,9,15,50,59,-9,51,2017
"31","Spain","Games of Matchday 38 LaLiga 17/18",38,11,"Espanyol",38,12,13,13,36,42,-6,49,2017
"32","Spain","Games of Matchday 38 LaLiga 17/18",38,12,"Real Sociedad",38,14,7,17,66,59,7,49,2017
"33","Spain","Games of Matchday 38 LaLiga 17/18",38,13,"Celta de Vigo",38,13,10,15,59,60,-1,49,2017
"34","Spain","Games of Matchday 38 LaLiga 17/18",38,14,"Alavés",38,15,2,21,40,50,-10,47,2017
"35","Spain","Games of Matchday 38 LaLiga 17/18",38,15,"Levante",38,11,13,14,44,58,-14,46,2017
"36","Spain","Games of Matchday 38 LaLiga 17/18",38,16,"Athletic Club",38,10,13,15,41,49,-8,43,2017
"37","Spain","Games of Matchday 38 LaLiga 17/18",38,17,"CD Leganés",38,12,7,19,34,51,-17,43,2017
"38","Spain","Games of Matchday 38 LaLiga 17/18",38,18,"Dep. La Coruña",38,6,11,21,38,76,-38,29,2017
"39","Spain","Games of Matchday 38 LaLiga 17/18",38,19,"UD Las Palmas",38,5,7,26,24,74,-50,22,2017
"40","Spain","Games of Matchday 38 LaLiga 17/18",38,20,"Málaga CF",38,5,5,28,24,61,-37,20,2017
"41","Germany","Games of Matchday 34 Bundesliga 17/18",34,1,"Bayern Munich",34,27,3,4,92,28,64,84,2017
"42","Germany","Games of Matchday 34 Bundesliga 17/18",34,2,"FC Schalke 04",34,18,9,7,53,37,16,63,2017
"43","Germany","Games of Matchday 34 Bundesliga 17/18",34,3,"Hoffenheim",34,15,10,9,66,48,18,55,2017
"44","Germany","Games of Matchday 34 Bundesliga 17/18",34,4,"Dortmund",34,15,10,9,64,47,17,55,2017
"45","Germany","Games of Matchday 34 Bundesliga 17/18",34,5,"Leverkusen",34,15,10,9,58,44,14,55,2017
"46","Germany","Games of Matchday 34 Bundesliga 17/18",34,6,"Leipzig",34,15,8,11,57,53,4,53,2017
"47","Germany","Games of Matchday 34 Bundesliga 17/18",34,7,"Stuttgart",34,15,6,13,36,36,0,51,2017
"48","Germany","Games of Matchday 34 Bundesliga 17/18",34,8,"Frankfurt",34,14,7,13,45,45,0,49,2017
"49","Germany","Games of Matchday 34 Bundesliga 17/18",34,9,"Mönchengladbach",34,13,8,13,47,52,-5,47,2017
"50","Germany","Games of Matchday 34 Bundesliga 17/18",34,10,"Hertha BSC",34,10,13,11,43,46,-3,43,2017
"51","Germany","Games of Matchday 34 Bundesliga 17/18",34,11,"Werder Bremen",34,10,12,12,37,40,-3,42,2017
"52","Germany","Games of Matchday 34 Bundesliga 17/18",34,12,"Augsburg",34,10,11,13,43,46,-3,41,2017
"53","Germany","Games of Matchday 34 Bundesliga 17/18",34,13,"Hannover 96",34,10,9,15,44,54,-10,39,2017
"54","Germany","Games of Matchday 34 Bundesliga 17/18",34,14,"Mainz",34,9,9,16,38,52,-14,36,2017
"55","Germany","Games of Matchday 34 Bundesliga 17/18",34,15,"Freiburg",34,8,12,14,32,56,-24,36,2017
"56","Germany","Games of Matchday 34 Bundesliga 17/18",34,16,"Wolfsburg",34,6,15,13,36,48,-12,33,2017
"57","Germany","Games of Matchday 34 Bundesliga 17/18",34,17,"Hamburg",34,8,7,19,29,53,-24,31,2017
"58","Germany","Games of Matchday 34 Bundesliga 17/18",34,18,"1.FC Köln",34,5,7,22,35,70,-35,22,2017
"59","Italy","Games of Matchday 38 Serie A 17/18",38,1,"Juventus",38,30,5,3,86,24,62,95,2017
"60","Italy","Games of Matchday 38 Serie A 17/18",38,2,"Napoli",38,28,7,3,77,29,48,91,2017
"61","Italy","Games of Matchday 38 Serie A 17/18",38,3,"Roma",38,23,8,7,61,28,33,77,2017
"62","Italy","Games of Matchday 38 Serie A 17/18",38,4,"Inter",38,20,12,6,66,30,36,72,2017
"63","Italy","Games of Matchday 38 Serie A 17/18",38,5,"Lazio",38,21,9,8,89,49,40,72,2017
"64","Italy","Games of Matchday 38 Serie A 17/18",38,6,"AC Milan",38,18,10,10,56,42,14,64,2017
"65","Italy","Games of Matchday 38 Serie A 17/18",38,7,"Atalanta",38,16,12,10,57,39,18,60,2017
"66","Italy","Games of Matchday 38 Serie A 17/18",38,8,"Fiorentina",38,16,9,13,54,46,8,57,2017
"67","Italy","Games of Matchday 38 Serie A 17/18",38,9,"Torino",38,13,15,10,54,46,8,54,2017
"68","Italy","Games of Matchday 38 Serie A 17/18",38,10,"Sampdoria",38,16,6,16,56,60,-4,54,2017
"69","Italy","Games of Matchday 38 Serie A 17/18",38,11,"Sassuolo",38,11,10,17,29,59,-30,43,2017
"70","Italy","Games of Matchday 38 Serie A 17/18",38,12,"Genoa",38,11,8,19,33,43,-10,41,2017
"71","Italy","Games of Matchday 38 Serie A 17/18",38,13,"Chievo Verona",38,10,10,18,36,59,-23,40,2017
"72","Italy","Games of Matchday 38 Serie A 17/18",38,14,"Udinese",38,12,4,22,48,63,-15,40,2017
"73","Italy","Games of Matchday 38 Serie A 17/18",38,15,"Bologna",38,11,6,21,40,52,-12,39,2017
"74","Italy","Games of Matchday 38 Serie A 17/18",38,16,"Cagliari",38,11,6,21,33,61,-28,39,2017
"75","Italy","Games of Matchday 38 Serie A 17/18",38,17,"SPAL",38,8,14,16,39,59,-20,38,2017
"76","Italy","Games of Matchday 38 Serie A 17/18",38,18,"Crotone",38,9,8,21,40,66,-26,35,2017
"77","Italy","Games of Matchday 38 Serie A 17/18",38,19,"Hellas Verona",38,7,4,27,30,78,-48,25,2017
"78","Italy","Games of Matchday 38 Serie A 17/18",38,20,"Benevento",38,6,3,29,33,84,-51,21,2017
"79","France","Games of Matchday 38 Ligue 1 17/18",38,1,"PSG",38,29,6,3,108,29,79,93,2017
"80","France","Games of Matchday 38 Ligue 1 17/18",38,2,"Monaco",38,24,8,6,85,45,40,80,2017
"81","France","Games of Matchday 38 Ligue 1 17/18",38,3,"Lyon",38,23,9,6,87,43,44,78,2017
"82","France","Games of Matchday 38 Ligue 1 17/18",38,4,"Marseille",38,22,11,5,80,47,33,77,2017
"83","France","Games of Matchday 38 Ligue 1 17/18",38,5,"Stade Rennais",38,16,10,12,50,44,6,58,2017
"84","France","Games of Matchday 38 Ligue 1 17/18",38,6,"G. Bordeaux",38,16,7,15,53,48,5,55,2017
"85","France","Games of Matchday 38 Ligue 1 17/18",38,7,"Saint-Étienne",38,15,10,13,47,50,-3,55,2017
"86","France","Games of Matchday 38 Ligue 1 17/18",38,8,"Nice",38,15,9,14,53,52,1,54,2017
"87","France","Games of Matchday 38 Ligue 1 17/18",38,9,"FC Nantes",38,14,10,14,36,41,-5,52,2017
"88","France","Games of Matchday 38 Ligue 1 17/18",38,10,"Montpellier",38,11,18,9,36,33,3,51,2017
"89","France","Games of Matchday 38 Ligue 1 17/18",38,11,"Dijon",38,13,9,16,55,73,-18,48,2017
"90","France","Games of Matchday 38 Ligue 1 17/18",38,12,"Guingamp",38,12,11,15,48,59,-11,47,2017
"91","France","Games of Matchday 38 Ligue 1 17/18",38,13,"Amiens SC",38,12,9,17,37,42,-5,45,2017
"92","France","Games of Matchday 38 Ligue 1 17/18",38,14,"Angers SCO",38,9,14,15,42,52,-10,41,2017
"93","France","Games of Matchday 38 Ligue 1 17/18",38,15,"R. Strasbourg",38,9,11,18,44,67,-23,38,2017
"94","France","Games of Matchday 38 Ligue 1 17/18",38,16,"SM Caen",38,10,8,20,27,52,-25,38,2017
"95","France","Games of Matchday 38 Ligue 1 17/18",38,17,"Lille",38,10,8,20,41,67,-26,38,2017
"96","France","Games of Matchday 38 Ligue 1 17/18",38,18,"Toulouse",38,9,10,19,38,54,-16,37,2017
"97","France","Games of Matchday 38 Ligue 1 17/18",38,19,"Troyes",38,9,6,23,32,59,-27,33,2017
"98","France","Games of Matchday 38 Ligue 1 17/18",38,20,"FC Metz",38,6,8,24,34,76,-42,26,2017
"99","England","Games of Matchday 38 Premier League 18/19",38,1,"Man City",38,32,2,4,95,23,72,98,2018
"100","England","Games of Matchday 38 Premier League 18/19",38,2,"Liverpool",38,30,7,1,89,22,67,97,2018
"101","England","Games of Matchday 38 Premier League 18/19",38,3,"Chelsea",38,21,9,8,63,39,24,72,2018
"102","England","Games of Matchday 38 Premier League 18/19",38,4,"Tottenham",38,23,2,13,67,39,28,71,2018
"103","England","Games of Matchday 38 Premier League 18/19",38,5,"Arsenal",38,21,7,10,73,51,22,70,2018
"104","England","Games of Matchday 38 Premier League 18/19",38,6,"Man Utd",38,19,9,10,65,54,11,66,2018
"105","England","Games of Matchday 38 Premier League 18/19",38,7,"Wolves",38,16,9,13,47,46,1,57,2018
"106","England","Games of Matchday 38 Premier League 18/19",38,8,"Everton",38,15,9,14,54,46,8,54,2018
"107","England","Games of Matchday 38 Premier League 18/19",38,9,"Leicester",38,15,7,16,51,48,3,52,2018
"108","England","Games of Matchday 38 Premier League 18/19",38,10,"West Ham",38,15,7,16,52,55,-3,52,2018
"109","England","Games of Matchday 38 Premier League 18/19",38,11,"Watford",38,14,8,16,52,59,-7,50,2018
"110","England","Games of Matchday 38 Premier League 18/19",38,12,"Crystal Palace",38,14,7,17,51,53,-2,49,2018
"111","England","Games of Matchday 38 Premier League 18/19",38,13,"Newcastle",38,12,9,17,42,48,-6,45,2018
"112","England","Games of Matchday 38 Premier League 18/19",38,14,"Bournemouth",38,13,6,19,56,70,-14,45,2018
"113","England","Games of Matchday 38 Premier League 18/19",38,15,"Burnley",38,11,7,20,45,68,-23,40,2018
"114","England","Games of Matchday 38 Premier League 18/19",38,16,"Southampton",38,9,12,17,45,65,-20,39,2018
"115","England","Games of Matchday 38 Premier League 18/19",38,17,"Brighton",38,9,9,20,35,60,-25,36,2018
"116","England","Games of Matchday 38 Premier League 18/19",38,18,"Cardiff",38,10,4,24,34,69,-35,34,2018
"117","England","Games of Matchday 38 Premier League 18/19",38,19,"Fulham",38,7,5,26,34,81,-47,26,2018
"118","England","Games of Matchday 38 Premier League 18/19",38,20,"Huddersfield",38,3,7,28,22,76,-54,16,2018
"119","Spain","Games of Matchday 38 LaLiga 18/19",38,1,"Barcelona",38,26,9,3,90,36,54,87,2018
"120","Spain","Games of Matchday 38 LaLiga 18/19",38,2,"Atlético",38,22,10,6,55,29,26,76,2018
"121","Spain","Games of Matchday 38 LaLiga 18/19",38,3,"Real Madrid",38,21,5,12,63,46,17,68,2018
"122","Spain","Games of Matchday 38 LaLiga 18/19",38,4,"Valencia",38,15,16,7,51,35,16,61,2018
"123","Spain","Games of Matchday 38 LaLiga 18/19",38,5,"Getafe",38,15,14,9,48,35,13,59,2018
"124","Spain","Games of Matchday 38 LaLiga 18/19",38,6,"Sevilla FC",38,17,8,13,62,47,15,59,2018
"125","Spain","Games of Matchday 38 LaLiga 18/19",38,7,"Espanyol",38,14,11,13,48,50,-2,53,2018
"126","Spain","Games of Matchday 38 LaLiga 18/19",38,8,"Athletic Club",38,13,14,11,41,45,-4,53,2018
"127","Spain","Games of Matchday 38 LaLiga 18/19",38,9,"Real Sociedad",38,13,11,14,45,46,-1,50,2018
"128","Spain","Games of Matchday 38 LaLiga 18/19",38,10,"Real Betis",38,14,8,16,44,52,-8,50,2018
"129","Spain","Games of Matchday 38 LaLiga 18/19",38,11,"Alavés",38,13,11,14,39,50,-11,50,2018
"130","Spain","Games of Matchday 38 LaLiga 18/19",38,12,"SD Eibar",38,11,14,13,46,50,-4,47,2018
"131","Spain","Games of Matchday 38 LaLiga 18/19",38,13,"CD Leganés",38,11,12,15,37,43,-6,45,2018
"132","Spain","Games of Matchday 38 LaLiga 18/19",38,14,"Villarreal",38,10,14,14,49,52,-3,44,2018
"133","Spain","Games of Matchday 38 LaLiga 18/19",38,15,"Levante",38,11,11,16,59,66,-7,44,2018
"134","Spain","Games of Matchday 38 LaLiga 18/19",38,16,"Real Valladolid",38,10,11,17,32,51,-19,41,2018
"135","Spain","Games of Matchday 38 LaLiga 18/19",38,17,"Celta de Vigo",38,10,11,17,53,62,-9,41,2018
"136","Spain","Games of Matchday 38 LaLiga 18/19",38,18,"Girona",38,9,10,19,37,53,-16,37,2018
"137","Spain","Games of Matchday 38 LaLiga 18/19",38,19,"SD Huesca",38,7,12,19,43,65,-22,33,2018
"138","Spain","Games of Matchday 38 LaLiga 18/19",38,20,"Rayo Vallecano",38,8,8,22,41,70,-29,32,2018
"139","Germany","Games of Matchday 34 Bundesliga 18/19",34,1,"Bayern Munich",34,24,6,4,88,32,56,78,2018
"140","Germany","Games of Matchday 34 Bundesliga 18/19",34,2,"Dortmund",34,23,7,4,81,44,37,76,2018
"141","Germany","Games of Matchday 34 Bundesliga 18/19",34,3,"Leipzig",34,19,9,6,63,29,34,66,2018
"142","Germany","Games of Matchday 34 Bundesliga 18/19",34,4,"Leverkusen",34,18,4,12,69,52,17,58,2018
"143","Germany","Games of Matchday 34 Bundesliga 18/19",34,5,"Mönchengladbach",34,16,7,11,55,42,13,55,2018
"144","Germany","Games of Matchday 34 Bundesliga 18/19",34,6,"Wolfsburg",34,16,7,11,62,50,12,55,2018
"145","Germany","Games of Matchday 34 Bundesliga 18/19",34,7,"Frankfurt",34,15,9,10,60,48,12,54,2018
"146","Germany","Games of Matchday 34 Bundesliga 18/19",34,8,"Werder Bremen",34,14,11,9,58,49,9,53,2018
"147","Germany","Games of Matchday 34 Bundesliga 18/19",34,9,"Hoffenheim",34,13,12,9,70,52,18,51,2018
"148","Germany","Games of Matchday 34 Bundesliga 18/19",34,10,"F. Düsseldorf",34,13,5,16,49,65,-16,44,2018
"149","Germany","Games of Matchday 34 Bundesliga 18/19",34,11,"Hertha BSC",34,11,10,13,49,57,-8,43,2018
"150","Germany","Games of Matchday 34 Bundesliga 18/19",34,12,"Mainz",34,12,7,15,46,57,-11,43,2018
"151","Germany","Games of Matchday 34 Bundesliga 18/19",34,13,"Freiburg",34,8,12,14,46,61,-15,36,2018
"152","Germany","Games of Matchday 34 Bundesliga 18/19",34,14,"FC Schalke 04",34,8,9,17,37,55,-18,33,2018
"153","Germany","Games of Matchday 34 Bundesliga 18/19",34,15,"Augsburg",34,8,8,18,51,71,-20,32,2018
"154","Germany","Games of Matchday 34 Bundesliga 18/19",34,16,"Stuttgart",34,7,7,20,32,70,-38,28,2018
"155","Germany","Games of Matchday 34 Bundesliga 18/19",34,17,"Hannover 96",34,5,6,23,31,71,-40,21,2018
"156","Germany","Games of Matchday 34 Bundesliga 18/19",34,18,"1.FC Nuremberg",34,3,10,21,26,68,-42,19,2018
"157","Italy","Games of Matchday 38 Serie A 18/19",38,1,"Juventus",38,28,6,4,70,30,40,90,2018
"158","Italy","Games of Matchday 38 Serie A 18/19",38,2,"Napoli",38,24,7,7,74,36,38,79,2018
"159","Italy","Games of Matchday 38 Serie A 18/19",38,3,"Atalanta",38,20,9,9,77,46,31,69,2018
"160","Italy","Games of Matchday 38 Serie A 18/19",38,4,"Inter",38,20,9,9,57,33,24,69,2018
"161","Italy","Games of Matchday 38 Serie A 18/19",38,5,"AC Milan",38,19,11,8,55,36,19,68,2018
"162","Italy","Games of Matchday 38 Serie A 18/19",38,6,"Roma",38,18,12,8,66,48,18,66,2018
"163","Italy","Games of Matchday 38 Serie A 18/19",38,7,"Torino",38,16,15,7,52,37,15,63,2018
"164","Italy","Games of Matchday 38 Serie A 18/19",38,8,"Lazio",38,17,8,13,56,46,10,59,2018
"165","Italy","Games of Matchday 38 Serie A 18/19",38,9,"Sampdoria",38,15,8,15,60,51,9,53,2018
"166","Italy","Games of Matchday 38 Serie A 18/19",38,10,"Bologna",38,11,11,16,48,56,-8,44,2018
"167","Italy","Games of Matchday 38 Serie A 18/19",38,11,"Sassuolo",38,9,16,13,53,60,-7,43,2018
"168","Italy","Games of Matchday 38 Serie A 18/19",38,12,"Udinese",38,11,10,17,39,53,-14,43,2018
"169","Italy","Games of Matchday 38 Serie A 18/19",38,13,"SPAL",38,11,9,18,44,56,-12,42,2018
"170","Italy","Games of Matchday 38 Serie A 18/19",38,14,"Parma",38,10,11,17,41,61,-20,41,2018
"171","Italy","Games of Matchday 38 Serie A 18/19",38,15,"Cagliari",38,10,11,17,36,54,-18,41,2018
"172","Italy","Games of Matchday 38 Serie A 18/19",38,16,"Fiorentina",38,8,17,13,47,45,2,41,2018
"173","Italy","Games of Matchday 38 Serie A 18/19",38,17,"Genoa",38,8,14,16,39,57,-18,38,2018
"174","Italy","Games of Matchday 38 Serie A 18/19",38,18,"FC Empoli",38,10,8,20,51,70,-19,38,2018
"175","Italy","Games of Matchday 38 Serie A 18/19",38,19,"Frosinone",38,5,10,23,29,69,-40,25,2018
"176","Italy","Games of Matchday 38 Serie A 18/19",38,20,"Chievo Verona",38,2,14,22,25,75,-50,17,2018
"177","France","Games of Matchday 38 Ligue 1 18/19",38,1,"PSG",38,29,4,5,105,35,70,91,2018
"178","France","Games of Matchday 38 Ligue 1 18/19",38,2,"Lille",38,22,9,7,68,33,35,75,2018
"179","France","Games of Matchday 38 Ligue 1 18/19",38,3,"Lyon",38,21,9,8,70,47,23,72,2018
"180","France","Games of Matchday 38 Ligue 1 18/19",38,4,"Saint-Étienne",38,19,9,10,59,41,18,66,2018
"181","France","Games of Matchday 38 Ligue 1 18/19",38,5,"Marseille",38,18,7,13,60,52,8,61,2018
"182","France","Games of Matchday 38 Ligue 1 18/19",38,6,"Montpellier",38,15,14,9,53,42,11,59,2018
"183","France","Games of Matchday 38 Ligue 1 18/19",38,7,"Nice",38,15,11,12,30,35,-5,56,2018
"184","France","Games of Matchday 38 Ligue 1 18/19",38,8,"Stade Reims",38,13,16,9,39,42,-3,55,2018
"185","France","Games of Matchday 38 Ligue 1 18/19",38,9,"Nîmes Olympique",38,15,8,15,57,58,-1,53,2018
"186","France","Games of Matchday 38 Ligue 1 18/19",38,10,"Stade Rennais",38,13,13,12,55,52,3,52,2018
"187","France","Games of Matchday 38 Ligue 1 18/19",38,11,"R. Strasbourg",38,11,16,11,58,48,10,49,2018
"188","France","Games of Matchday 38 Ligue 1 18/19",38,12,"FC Nantes",38,13,9,16,48,48,0,48,2018
"189","France","Games of Matchday 38 Ligue 1 18/19",38,13,"Angers SCO",38,10,16,12,44,49,-5,46,2018
"190","France","Games of Matchday 38 Ligue 1 18/19",38,14,"G. Bordeaux",38,10,11,17,34,42,-8,41,2018
"191","France","Games of Matchday 38 Ligue 1 18/19",38,15,"Amiens SC",38,9,11,18,31,52,-21,38,2018
"192","France","Games of Matchday 38 Ligue 1 18/19",38,16,"Toulouse",38,8,14,16,35,57,-22,38,2018
"193","France","Games of Matchday 38 Ligue 1 18/19",38,17,"Monaco",38,8,12,18,38,57,-19,36,2018
"194","France","Games of Matchday 38 Ligue 1 18/19",38,18,"Dijon",38,9,7,22,31,60,-29,34,2018
"195","France","Games of Matchday 38 Ligue 1 18/19",38,19,"SM Caen",38,7,12,19,29,54,-25,33,2018
"196","France","Games of Matchday 38 Ligue 1 18/19",38,20,"Guingamp",38,5,12,21,28,68,-40,27,2018
"197","England","Games of Matchday 38 Premier League 19/20",38,1,"Liverpool",38,32,3,3,85,33,52,99,2019
"198","England","Games of Matchday 38 Premier League 19/20",38,2,"Man City",38,26,3,9,102,35,67,81,2019
"199","England","Games of Matchday 38 Premier League 19/20",38,3,"Man Utd",38,18,12,8,66,36,30,66,2019
"200","England","Games of Matchday 38 Premier League 19/20",38,4,"Chelsea",38,20,6,12,69,54,15,66,2019
"201","England","Games of Matchday 38 Premier League 19/20",38,5,"Leicester",38,18,8,12,67,41,26,62,2019
"202","England","Games of Matchday 38 Premier League 19/20",38,6,"Tottenham",38,16,11,11,61,47,14,59,2019
"203","England","Games of Matchday 38 Premier League 19/20",38,7,"Wolves",38,15,14,9,51,40,11,59,2019
"204","England","Games of Matchday 38 Premier League 19/20",38,8,"Arsenal",38,14,14,10,56,48,8,56,2019
"205","England","Games of Matchday 38 Premier League 19/20",38,9,"Sheff Utd",38,14,12,12,39,39,0,54,2019
"206","England","Games of Matchday 38 Premier League 19/20",38,10,"Burnley",38,15,9,14,43,50,-7,54,2019
"207","England","Games of Matchday 38 Premier League 19/20",38,11,"Southampton",38,15,7,16,51,60,-9,52,2019
"208","England","Games of Matchday 38 Premier League 19/20",38,12,"Everton",38,13,10,15,44,56,-12,49,2019
"209","England","Games of Matchday 38 Premier League 19/20",38,13,"Newcastle",38,11,11,16,38,58,-20,44,2019
"210","England","Games of Matchday 38 Premier League 19/20",38,14,"Crystal Palace",38,11,10,17,31,50,-19,43,2019
"211","England","Games of Matchday 38 Premier League 19/20",38,15,"Brighton",38,9,14,15,39,54,-15,41,2019
"212","England","Games of Matchday 38 Premier League 19/20",38,16,"West Ham",38,10,9,19,49,62,-13,39,2019
"213","England","Games of Matchday 38 Premier League 19/20",38,17,"Aston Villa",38,9,8,21,41,67,-26,35,2019
"214","England","Games of Matchday 38 Premier League 19/20",38,18,"Bournemouth",38,9,7,22,40,65,-25,34,2019
"215","England","Games of Matchday 38 Premier League 19/20",38,19,"Watford",38,8,10,20,36,64,-28,34,2019
"216","England","Games of Matchday 38 Premier League 19/20",38,20,"Norwich",38,5,6,27,26,75,-49,21,2019
"217","Spain","Games of Matchday 38 LaLiga 19/20",38,1,"Real Madrid",38,26,9,3,70,25,45,87,2019
"218","Spain","Games of Matchday 38 LaLiga 19/20",38,2,"Barcelona",38,25,7,6,86,38,48,82,2019
"219","Spain","Games of Matchday 38 LaLiga 19/20",38,3,"Atlético",38,18,16,4,51,27,24,70,2019
"220","Spain","Games of Matchday 38 LaLiga 19/20",38,4,"Sevilla FC",38,19,13,6,54,34,20,70,2019
"221","Spain","Games of Matchday 38 LaLiga 19/20",38,5,"Villarreal",38,18,6,14,63,49,14,60,2019
"222","Spain","Games of Matchday 38 LaLiga 19/20",38,6,"Real Sociedad",38,16,8,14,56,48,8,56,2019
"223","Spain","Games of Matchday 38 LaLiga 19/20",38,7,"Granada CF",38,16,8,14,52,45,7,56,2019
"224","Spain","Games of Matchday 38 LaLiga 19/20",38,8,"Getafe",38,14,12,12,43,37,6,54,2019
"225","Spain","Games of Matchday 38 LaLiga 19/20",38,9,"Valencia",38,14,11,13,46,53,-7,53,2019
"226","Spain","Games of Matchday 38 LaLiga 19/20",38,10,"CA Osasuna",38,13,13,12,46,54,-8,52,2019
"227","Spain","Games of Matchday 38 LaLiga 19/20",38,11,"Athletic Club",38,13,12,13,41,38,3,51,2019
"228","Spain","Games of Matchday 38 LaLiga 19/20",38,12,"Levante",38,14,7,17,47,53,-6,49,2019
"229","Spain","Games of Matchday 38 LaLiga 19/20",38,13,"Real Valladolid",38,9,15,14,32,43,-11,42,2019
"230","Spain","Games of Matchday 38 LaLiga 19/20",38,14,"SD Eibar",38,11,9,18,39,56,-17,42,2019
"231","Spain","Games of Matchday 38 LaLiga 19/20",38,15,"Real Betis",38,10,11,17,48,60,-12,41,2019
"232","Spain","Games of Matchday 38 LaLiga 19/20",38,16,"Alavés",38,10,9,19,34,59,-25,39,2019
"233","Spain","Games of Matchday 38 LaLiga 19/20",38,17,"Celta de Vigo",38,7,16,15,37,49,-12,37,2019
"234","Spain","Games of Matchday 38 LaLiga 19/20",38,18,"CD Leganés",38,8,12,18,30,51,-21,36,2019
"235","Spain","Games of Matchday 38 LaLiga 19/20",38,19,"RCD Mallorca",38,9,6,23,40,65,-25,33,2019
"236","Spain","Games of Matchday 38 LaLiga 19/20",38,20,"Espanyol",38,5,10,23,27,58,-31,25,2019
"237","Germany","Games of Matchday 34 Bundesliga 19/20",34,1,"Bayern Munich",34,26,4,4,100,32,68,82,2019
"238","Germany","Games of Matchday 34 Bundesliga 19/20",34,2,"Dortmund",34,21,6,7,84,41,43,69,2019
"239","Germany","Games of Matchday 34 Bundesliga 19/20",34,3,"Leipzig",34,18,12,4,81,37,44,66,2019
"240","Germany","Games of Matchday 34 Bundesliga 19/20",34,4,"Mönchengladbach",34,20,5,9,66,40,26,65,2019
"241","Germany","Games of Matchday 34 Bundesliga 19/20",34,5,"Leverkusen",34,19,6,9,61,44,17,63,2019
"242","Germany","Games of Matchday 34 Bundesliga 19/20",34,6,"Hoffenheim",34,15,7,12,53,53,0,52,2019
"243","Germany","Games of Matchday 34 Bundesliga 19/20",34,7,"Wolfsburg",34,13,10,11,48,46,2,49,2019
"244","Germany","Games of Matchday 34 Bundesliga 19/20",34,8,"Freiburg",34,13,9,12,48,47,1,48,2019
"245","Germany","Games of Matchday 34 Bundesliga 19/20",34,9,"Frankfurt",34,13,6,15,59,60,-1,45,2019
"246","Germany","Games of Matchday 34 Bundesliga 19/20",34,10,"Hertha BSC",34,11,8,15,48,59,-11,41,2019
"247","Germany","Games of Matchday 34 Bundesliga 19/20",34,11,"Union Berlin",34,12,5,17,41,58,-17,41,2019
"248","Germany","Games of Matchday 34 Bundesliga 19/20",34,12,"FC Schalke 04",34,9,12,13,38,58,-20,39,2019
"249","Germany","Games of Matchday 34 Bundesliga 19/20",34,13,"Mainz",34,11,4,19,44,65,-21,37,2019
"250","Germany","Games of Matchday 34 Bundesliga 19/20",34,14,"1.FC Köln",34,10,6,18,51,69,-18,36,2019
"251","Germany","Games of Matchday 34 Bundesliga 19/20",34,15,"Augsburg",34,9,9,16,45,63,-18,36,2019
"252","Germany","Games of Matchday 34 Bundesliga 19/20",34,16,"Werder Bremen",34,8,7,19,42,69,-27,31,2019
"253","Germany","Games of Matchday 34 Bundesliga 19/20",34,17,"F. Düsseldorf",34,6,12,16,36,67,-31,30,2019
"254","Germany","Games of Matchday 34 Bundesliga 19/20",34,18,"SC Paderborn",34,4,8,22,37,74,-37,20,2019
"255","Italy","Games of Matchday 38 Serie A 19/20",38,1,"Juventus",38,26,5,7,76,43,33,83,2019
"256","Italy","Games of Matchday 38 Serie A 19/20",38,2,"Inter",38,24,10,4,81,36,45,82,2019
"257","Italy","Games of Matchday 38 Serie A 19/20",38,3,"Atalanta",38,23,9,6,98,48,50,78,2019
"258","Italy","Games of Matchday 38 Serie A 19/20",38,4,"Lazio",38,24,6,8,79,42,37,78,2019
"259","Italy","Games of Matchday 38 Serie A 19/20",38,5,"Roma",38,21,7,10,77,51,26,70,2019
"260","Italy","Games of Matchday 38 Serie A 19/20",38,6,"AC Milan",38,19,9,10,63,46,17,66,2019
"261","Italy","Games of Matchday 38 Serie A 19/20",38,7,"Napoli",38,18,8,12,61,50,11,62,2019
"262","Italy","Games of Matchday 38 Serie A 19/20",38,8,"Sassuolo",38,14,9,15,69,63,6,51,2019
"263","Italy","Games of Matchday 38 Serie A 19/20",38,9,"Hellas Verona",38,12,13,13,47,51,-4,49,2019
"264","Italy","Games of Matchday 38 Serie A 19/20",38,10,"Fiorentina",38,12,13,13,51,48,3,49,2019
"265","Italy","Games of Matchday 38 Serie A 19/20",38,11,"Parma",38,14,7,17,56,57,-1,49,2019
"266","Italy","Games of Matchday 38 Serie A 19/20",38,12,"Bologna",38,12,11,15,52,65,-13,47,2019
"267","Italy","Games of Matchday 38 Serie A 19/20",38,13,"Udinese",38,12,9,17,37,51,-14,45,2019
"268","Italy","Games of Matchday 38 Serie A 19/20",38,14,"Cagliari",38,11,12,15,52,56,-4,45,2019
"269","Italy","Games of Matchday 38 Serie A 19/20",38,15,"Sampdoria",38,12,6,20,48,65,-17,42,2019
"270","Italy","Games of Matchday 38 Serie A 19/20",38,16,"Torino",38,11,7,20,46,68,-22,40,2019
"271","Italy","Games of Matchday 38 Serie A 19/20",38,17,"Genoa",38,10,9,19,47,73,-26,39,2019
"272","Italy","Games of Matchday 38 Serie A 19/20",38,18,"Lecce",38,9,8,21,52,85,-33,35,2019
"273","Italy","Games of Matchday 38 Serie A 19/20",38,19,"Brescia",38,6,7,25,35,79,-44,25,2019
"274","Italy","Games of Matchday 38 Serie A 19/20",38,20,"SPAL",38,5,5,28,27,77,-50,20,2019
"275","France","Games of Matchday 27 Ligue 1 19/20",27,1,"PSG",27,22,2,3,75,24,51,68,2019
"276","France","Games of Matchday 27 Ligue 1 19/20",27,2,"Marseille",27,16,7,4,39,27,12,55,2019
"277","France","Games of Matchday 27 Ligue 1 19/20",27,3,"Stade Rennais",27,14,5,8,33,24,9,47,2019
"278","France","Games of Matchday 27 Ligue 1 19/20",27,4,"Lille",27,14,4,9,34,27,7,46,2019
"279","France","Games of Matchday 27 Ligue 1 19/20",27,5,"Lyon",27,11,7,9,42,26,16,40,2019
"280","France","Games of Matchday 27 Ligue 1 19/20",27,6,"Montpellier",27,11,7,9,35,29,6,40,2019
"281","France","Games of Matchday 27 Ligue 1 19/20",27,7,"Monaco",27,11,7,9,43,42,1,40,2019
"282","France","Games of Matchday 27 Ligue 1 19/20",27,8,"Stade Reims",27,9,11,7,25,21,4,38,2019
"283","France","Games of Matchday 27 Ligue 1 19/20",27,9,"Nice",27,10,8,9,39,37,2,38,2019
"284","France","Games of Matchday 27 Ligue 1 19/20",27,10,"R. Strasbourg",27,11,5,11,32,32,0,38,2019
"285","France","Games of Matchday 27 Ligue 1 19/20",27,11,"FC Nantes",27,11,4,12,28,29,-1,37,2019
"286","France","Games of Matchday 27 Ligue 1 19/20",27,12,"G. Bordeaux",27,9,9,9,39,33,6,36,2019
"287","France","Games of Matchday 27 Ligue 1 19/20",27,13,"Angers SCO",27,10,6,11,26,33,-7,36,2019
"288","France","Games of Matchday 27 Ligue 1 19/20",27,14,"Stade Brestois",27,8,10,9,34,36,-2,34,2019
"289","France","Games of Matchday 27 Ligue 1 19/20",27,15,"FC Metz",27,7,10,10,25,34,-9,31,2019
"290","France","Games of Matchday 27 Ligue 1 19/20",27,16,"Saint-Étienne",27,8,5,14,28,44,-16,29,2019
"291","France","Games of Matchday 27 Ligue 1 19/20",27,17,"Dijon",27,6,9,12,25,36,-11,27,2019
"292","France","Games of Matchday 27 Ligue 1 19/20",27,18,"Nîmes Olympique",27,7,6,14,28,42,-14,27,2019
"293","France","Games of Matchday 27 Ligue 1 19/20",27,19,"Amiens SC",27,4,10,13,29,48,-19,22,2019
"294","France","Games of Matchday 27 Ligue 1 19/20",27,20,"Toulouse",27,3,4,20,21,56,-35,13,2019
"295","England","Games of Matchday 38 Premier League 20/21",38,1,"Man City",38,27,5,6,83,32,51,86,2020
"296","England","Games of Matchday 38 Premier League 20/21",38,2,"Man Utd",38,21,11,6,73,44,29,74,2020
"297","England","Games of Matchday 38 Premier League 20/21",38,3,"Liverpool",38,20,9,9,68,42,26,69,2020
"298","England","Games of Matchday 38 Premier League 20/21",38,4,"Chelsea",38,19,10,9,58,36,22,67,2020
"299","England","Games of Matchday 38 Premier League 20/21",38,5,"Leicester",38,20,6,12,68,50,18,66,2020
"300","England","Games of Matchday 38 Premier League 20/21",38,6,"West Ham",38,19,8,11,62,47,15,65,2020
"301","England","Games of Matchday 38 Premier League 20/21",38,7,"Tottenham",38,18,8,12,68,45,23,62,2020
"302","England","Games of Matchday 38 Premier League 20/21",38,8,"Arsenal",38,18,7,13,55,39,16,61,2020
"303","England","Games of Matchday 38 Premier League 20/21",38,9,"Leeds",38,18,5,15,62,54,8,59,2020
"304","England","Games of Matchday 38 Premier League 20/21",38,10,"Everton",38,17,8,13,47,48,-1,59,2020
"305","England","Games of Matchday 38 Premier League 20/21",38,11,"Aston Villa",38,16,7,15,55,46,9,55,2020
"306","England","Games of Matchday 38 Premier League 20/21",38,12,"Newcastle",38,12,9,17,46,62,-16,45,2020
"307","England","Games of Matchday 38 Premier League 20/21",38,13,"Wolves",38,12,9,17,36,52,-16,45,2020
"308","England","Games of Matchday 38 Premier League 20/21",38,14,"Crystal Palace",38,12,8,18,41,66,-25,44,2020
"309","England","Games of Matchday 38 Premier League 20/21",38,15,"Southampton",38,12,7,19,47,68,-21,43,2020
"310","England","Games of Matchday 38 Premier League 20/21",38,16,"Brighton",38,9,14,15,40,46,-6,41,2020
"311","England","Games of Matchday 38 Premier League 20/21",38,17,"Burnley",38,10,9,19,33,55,-22,39,2020
"312","England","Games of Matchday 38 Premier League 20/21",38,18,"Fulham",38,5,13,20,27,53,-26,28,2020
"313","England","Games of Matchday 38 Premier League 20/21",38,19,"West Brom",38,5,11,22,35,76,-41,26,2020
"314","England","Games of Matchday 38 Premier League 20/21",38,20,"Sheff Utd",38,7,2,29,20,63,-43,23,2020
"315","Spain","Games of Matchday 38 LaLiga 20/21",38,1,"Atlético",38,26,8,4,67,25,42,86,2020
"316","Spain","Games of Matchday 38 LaLiga 20/21",38,2,"Real Madrid",38,25,9,4,67,28,39,84,2020
"317","Spain","Games of Matchday 38 LaLiga 20/21",38,3,"Barcelona",38,24,7,7,85,38,47,79,2020
"318","Spain","Games of Matchday 38 LaLiga 20/21",38,4,"Sevilla FC",38,24,5,9,53,33,20,77,2020
"319","Spain","Games of Matchday 38 LaLiga 20/21",38,5,"Real Sociedad",38,17,11,10,59,38,21,62,2020
"320","Spain","Games of Matchday 38 LaLiga 20/21",38,6,"Real Betis",38,17,10,11,50,50,0,61,2020
"321","Spain","Games of Matchday 38 LaLiga 20/21",38,7,"Villarreal",38,15,13,10,60,44,16,58,2020
"322","Spain","Games of Matchday 38 LaLiga 20/21",38,8,"Celta de Vigo",38,14,11,13,55,57,-2,53,2020
"323","Spain","Games of Matchday 38 LaLiga 20/21",38,9,"Athletic Club",38,11,13,14,46,42,4,46,2020
"324","Spain","Games of Matchday 38 LaLiga 20/21",38,10,"Granada CF",38,13,7,18,47,65,-18,46,2020
"325","Spain","Games of Matchday 38 LaLiga 20/21",38,11,"CA Osasuna",38,11,11,16,37,48,-11,44,2020
"326","Spain","Games of Matchday 38 LaLiga 20/21",38,12,"Cádiz CF",38,11,11,16,36,58,-22,44,2020
"327","Spain","Games of Matchday 38 LaLiga 20/21",38,13,"Valencia",38,10,13,15,50,53,-3,43,2020
"328","Spain","Games of Matchday 38 LaLiga 20/21",38,14,"Levante",38,9,14,15,46,57,-11,41,2020
"329","Spain","Games of Matchday 38 LaLiga 20/21",38,15,"Getafe",38,9,11,18,28,43,-15,38,2020
"330","Spain","Games of Matchday 38 LaLiga 20/21",38,16,"Alavés",38,9,11,18,36,57,-21,38,2020
"331","Spain","Games of Matchday 38 LaLiga 20/21",38,17,"Elche CF",38,8,12,18,34,55,-21,36,2020
"332","Spain","Games of Matchday 38 LaLiga 20/21",38,18,"SD Huesca",38,7,13,18,34,53,-19,34,2020
"333","Spain","Games of Matchday 38 LaLiga 20/21",38,19,"Real Valladolid",38,5,16,17,34,57,-23,31,2020
"334","Spain","Games of Matchday 38 LaLiga 20/21",38,20,"SD Eibar",38,6,12,20,29,52,-23,30,2020
"335","Germany","Games of Matchday 34 Bundesliga 20/21",34,1,"Bayern Munich",34,24,6,4,99,44,55,78,2020
"336","Germany","Games of Matchday 34 Bundesliga 20/21",34,2,"Leipzig",34,19,8,7,60,32,28,65,2020
"337","Germany","Games of Matchday 34 Bundesliga 20/21",34,3,"Dortmund",34,20,4,10,75,46,29,64,2020
"338","Germany","Games of Matchday 34 Bundesliga 20/21",34,4,"Wolfsburg",34,17,10,7,61,37,24,61,2020
"339","Germany","Games of Matchday 34 Bundesliga 20/21",34,5,"Frankfurt",34,16,12,6,69,53,16,60,2020
"340","Germany","Games of Matchday 34 Bundesliga 20/21",34,6,"Leverkusen",34,14,10,10,53,39,14,52,2020
"341","Germany","Games of Matchday 34 Bundesliga 20/21",34,7,"Union Berlin",34,12,14,8,50,43,7,50,2020
"342","Germany","Games of Matchday 34 Bundesliga 20/21",34,8,"Mönchengladbach",34,13,10,11,64,56,8,49,2020
"343","Germany","Games of Matchday 34 Bundesliga 20/21",34,9,"Stuttgart",34,12,9,13,56,55,1,45,2020
"344","Germany","Games of Matchday 34 Bundesliga 20/21",34,10,"Freiburg",34,12,9,13,52,52,0,45,2020
"345","Germany","Games of Matchday 34 Bundesliga 20/21",34,11,"Hoffenheim",34,11,10,13,52,54,-2,43,2020
"346","Germany","Games of Matchday 34 Bundesliga 20/21",34,12,"Mainz",34,10,9,15,39,56,-17,39,2020
"347","Germany","Games of Matchday 34 Bundesliga 20/21",34,13,"Augsburg",34,10,6,18,36,54,-18,36,2020
"348","Germany","Games of Matchday 34 Bundesliga 20/21",34,14,"Hertha BSC",34,8,11,15,41,52,-11,35,2020
"349","Germany","Games of Matchday 34 Bundesliga 20/21",34,15,"Arm. Bielefeld",34,9,8,17,26,52,-26,35,2020
"350","Germany","Games of Matchday 34 Bundesliga 20/21",34,16,"1.FC Köln",34,8,9,17,34,60,-26,33,2020
"351","Germany","Games of Matchday 34 Bundesliga 20/21",34,17,"Werder Bremen",34,7,10,17,36,57,-21,31,2020
"352","Germany","Games of Matchday 34 Bundesliga 20/21",34,18,"FC Schalke 04",34,3,7,24,25,86,-61,16,2020
"353","Italy","Games of Matchday 38 Serie A 20/21",38,1,"Inter",38,28,7,3,89,35,54,91,2020
"354","Italy","Games of Matchday 38 Serie A 20/21",38,2,"AC Milan",38,24,7,7,74,41,33,79,2020
"355","Italy","Games of Matchday 38 Serie A 20/21",38,3,"Atalanta",38,23,9,6,90,47,43,78,2020
"356","Italy","Games of Matchday 38 Serie A 20/21",38,4,"Juventus",38,23,9,6,77,38,39,78,2020
"357","Italy","Games of Matchday 38 Serie A 20/21",38,5,"Napoli",38,24,5,9,86,41,45,77,2020
"358","Italy","Games of Matchday 38 Serie A 20/21",38,6,"Lazio",38,21,5,12,61,55,6,68,2020
"359","Italy","Games of Matchday 38 Serie A 20/21",38,7,"Roma",38,18,8,12,68,58,10,62,2020
"360","Italy","Games of Matchday 38 Serie A 20/21",38,8,"Sassuolo",38,17,11,10,64,56,8,62,2020
"361","Italy","Games of Matchday 38 Serie A 20/21",38,9,"Sampdoria",38,15,7,16,52,54,-2,52,2020
"362","Italy","Games of Matchday 38 Serie A 20/21",38,10,"Hellas Verona",38,11,12,15,46,48,-2,45,2020
"363","Italy","Games of Matchday 38 Serie A 20/21",38,11,"Genoa",38,10,12,16,47,58,-11,42,2020
"364","Italy","Games of Matchday 38 Serie A 20/21",38,12,"Bologna",38,10,11,17,51,65,-14,41,2020
"365","Italy","Games of Matchday 38 Serie A 20/21",38,13,"Fiorentina",38,9,13,16,47,59,-12,40,2020
"366","Italy","Games of Matchday 38 Serie A 20/21",38,14,"Udinese",38,10,10,18,42,58,-16,40,2020
"367","Italy","Games of Matchday 38 Serie A 20/21",38,15,"Spezia Calcio",38,9,12,17,52,72,-20,39,2020
"368","Italy","Games of Matchday 38 Serie A 20/21",38,16,"Cagliari",38,9,10,19,43,59,-16,37,2020
"369","Italy","Games of Matchday 38 Serie A 20/21",38,17,"Torino",38,7,16,15,50,69,-19,37,2020
"370","Italy","Games of Matchday 38 Serie A 20/21",38,18,"Benevento",38,7,12,19,40,75,-35,33,2020
"371","Italy","Games of Matchday 38 Serie A 20/21",38,19,"Crotone",38,6,5,27,45,92,-47,23,2020
"372","Italy","Games of Matchday 38 Serie A 20/21",38,20,"Parma",38,3,11,24,39,83,-44,20,2020
"373","France","Games of Matchday 38 Ligue 1 20/21",38,1,"Lille",38,24,11,3,64,23,41,83,2020
"374","France","Games of Matchday 38 Ligue 1 20/21",38,2,"PSG",38,26,4,8,86,28,58,82,2020
"375","France","Games of Matchday 38 Ligue 1 20/21",38,3,"Monaco",38,24,6,8,76,42,34,78,2020
"376","France","Games of Matchday 38 Ligue 1 20/21",38,4,"Lyon",38,22,10,6,81,43,38,76,2020
"377","France","Games of Matchday 38 Ligue 1 20/21",38,5,"Marseille",38,16,12,10,54,47,7,60,2020
"378","France","Games of Matchday 38 Ligue 1 20/21",38,6,"Stade Rennais",38,16,10,12,52,40,12,58,2020
"379","France","Games of Matchday 38 Ligue 1 20/21",38,7,"Lens",38,15,12,11,55,54,1,57,2020
"380","France","Games of Matchday 38 Ligue 1 20/21",38,8,"Montpellier",38,14,12,12,60,62,-2,54,2020
"381","France","Games of Matchday 38 Ligue 1 20/21",38,9,"Nice",38,15,7,16,50,53,-3,52,2020
"382","France","Games of Matchday 38 Ligue 1 20/21",38,10,"FC Metz",38,12,11,15,44,48,-4,47,2020
"383","France","Games of Matchday 38 Ligue 1 20/21",38,11,"Saint-Étienne",38,12,10,16,42,54,-12,46,2020
"384","France","Games of Matchday 38 Ligue 1 20/21",38,12,"G. Bordeaux",38,13,6,19,42,56,-14,45,2020
"385","France","Games of Matchday 38 Ligue 1 20/21",38,13,"Angers SCO",38,12,8,18,40,58,-18,44,2020
"386","France","Games of Matchday 38 Ligue 1 20/21",38,14,"Stade Reims",38,9,15,14,42,50,-8,42,2020
"387","France","Games of Matchday 38 Ligue 1 20/21",38,15,"R. Strasbourg",38,11,9,18,49,58,-9,42,2020
"388","France","Games of Matchday 38 Ligue 1 20/21",38,16,"FC Lorient",38,11,9,18,50,68,-18,42,2020
"389","France","Games of Matchday 38 Ligue 1 20/21",38,17,"Stade Brestois",38,11,8,19,50,66,-16,41,2020
"390","France","Games of Matchday 38 Ligue 1 20/21",38,18,"FC Nantes",38,9,13,16,47,55,-8,40,2020
"391","France","Games of Matchday 38 Ligue 1 20/21",38,19,"Nîmes Olympique",38,9,8,21,40,71,-31,35,2020
"392","France","Games of Matchday 38 Ligue 1 20/21",38,20,"Dijon",38,4,9,25,25,73,-48,21,2020
"393","England","Games of Matchday 38 Premier League 21/22",38,1,"Man City",38,29,6,3,99,26,73,93,2021
"394","England","Games of Matchday 38 Premier League 21/22",38,2,"Liverpool",38,28,8,2,94,26,68,92,2021
"395","England","Games of Matchday 38 Premier League 21/22",38,3,"Chelsea",38,21,11,6,76,33,43,74,2021
"396","England","Games of Matchday 38 Premier League 21/22",38,4,"Tottenham",38,22,5,11,69,40,29,71,2021
"397","England","Games of Matchday 38 Premier League 21/22",38,5,"Arsenal",38,22,3,13,61,48,13,69,2021
"398","England","Games of Matchday 38 Premier League 21/22",38,6,"Man Utd",38,16,10,12,57,57,0,58,2021
"399","England","Games of Matchday 38 Premier League 21/22",38,7,"West Ham",38,16,8,14,60,51,9,56,2021
"400","England","Games of Matchday 38 Premier League 21/22",38,8,"Leicester",38,14,10,14,62,59,3,52,2021
"401","England","Games of Matchday 38 Premier League 21/22",38,9,"Brighton",38,12,15,11,42,44,-2,51,2021
"402","England","Games of Matchday 38 Premier League 21/22",38,10,"Wolves",38,15,6,17,38,43,-5,51,2021
"403","England","Games of Matchday 38 Premier League 21/22",38,11,"Newcastle",38,13,10,15,44,62,-18,49,2021
"404","England","Games of Matchday 38 Premier League 21/22",38,12,"Crystal Palace",38,11,15,12,50,46,4,48,2021
"405","England","Games of Matchday 38 Premier League 21/22",38,13,"Brentford",38,13,7,18,48,56,-8,46,2021
"406","England","Games of Matchday 38 Premier League 21/22",38,14,"Aston Villa",38,13,6,19,52,54,-2,45,2021
"407","England","Games of Matchday 38 Premier League 21/22",38,15,"Southampton",38,9,13,16,43,67,-24,40,2021
"408","England","Games of Matchday 38 Premier League 21/22",38,16,"Everton",38,11,6,21,43,66,-23,39,2021
"409","England","Games of Matchday 38 Premier League 21/22",38,17,"Leeds",38,9,11,18,42,79,-37,38,2021
"410","England","Games of Matchday 38 Premier League 21/22",38,18,"Burnley",38,7,14,17,34,53,-19,35,2021
"411","England","Games of Matchday 38 Premier League 21/22",38,19,"Watford",38,6,5,27,34,77,-43,23,2021
"412","England","Games of Matchday 38 Premier League 21/22",38,20,"Norwich",38,5,7,26,23,84,-61,22,2021
"413","Spain","Games of Matchday 38 LaLiga 21/22",38,1,"Real Madrid",38,26,8,4,80,31,49,86,2021
"414","Spain","Games of Matchday 38 LaLiga 21/22",38,2,"Barcelona",38,21,10,7,68,38,30,73,2021
"415","Spain","Games of Matchday 38 LaLiga 21/22",38,3,"Atlético",38,21,8,9,65,43,22,71,2021
"416","Spain","Games of Matchday 38 LaLiga 21/22",38,4,"Sevilla FC",38,18,16,4,53,30,23,70,2021
"417","Spain","Games of Matchday 38 LaLiga 21/22",38,5,"Real Betis",38,19,8,11,62,40,22,65,2021
"418","Spain","Games of Matchday 38 LaLiga 21/22",38,6,"Real Sociedad",38,17,11,10,40,37,3,62,2021
"419","Spain","Games of Matchday 38 LaLiga 21/22",38,7,"Villarreal",38,16,11,11,63,37,26,59,2021
"420","Spain","Games of Matchday 38 LaLiga 21/22",38,8,"Athletic Club",38,14,13,11,43,36,7,55,2021
"421","Spain","Games of Matchday 38 LaLiga 21/22",38,9,"Valencia",38,11,15,12,48,53,-5,48,2021
"422","Spain","Games of Matchday 38 LaLiga 21/22",38,10,"CA Osasuna",38,12,11,15,37,51,-14,47,2021
"423","Spain","Games of Matchday 38 LaLiga 21/22",38,11,"Celta de Vigo",38,12,10,16,43,43,0,46,2021
"424","Spain","Games of Matchday 38 LaLiga 21/22",38,12,"Rayo Vallecano",38,11,9,18,39,50,-11,42,2021
"425","Spain","Games of Matchday 38 LaLiga 21/22",38,13,"Elche CF",38,11,9,18,40,52,-12,42,2021
"426","Spain","Games of Matchday 38 LaLiga 21/22",38,14,"Espanyol",38,10,12,16,40,53,-13,42,2021
"427","Spain","Games of Matchday 38 LaLiga 21/22",38,15,"Getafe",38,8,15,15,33,41,-8,39,2021
"428","Spain","Games of Matchday 38 LaLiga 21/22",38,16,"RCD Mallorca",38,10,9,19,36,63,-27,39,2021
"429","Spain","Games of Matchday 38 LaLiga 21/22",38,17,"Cádiz CF",38,8,15,15,35,51,-16,39,2021
"430","Spain","Games of Matchday 38 LaLiga 21/22",38,18,"Granada CF",38,8,14,16,44,61,-17,38,2021
"431","Spain","Games of Matchday 38 LaLiga 21/22",38,19,"Levante",38,8,11,19,51,76,-25,35,2021
"432","Spain","Games of Matchday 38 LaLiga 21/22",38,20,"Alavés",38,8,7,23,31,65,-34,31,2021
"433","Germany","Games of Matchday 34 Bundesliga 21/22",34,1,"Bayern Munich",34,24,5,5,97,37,60,77,2021
"434","Germany","Games of Matchday 34 Bundesliga 21/22",34,2,"Dortmund",34,22,3,9,85,52,33,69,2021
"435","Germany","Games of Matchday 34 Bundesliga 21/22",34,3,"Leverkusen",34,19,7,8,80,47,33,64,2021
"436","Germany","Games of Matchday 34 Bundesliga 21/22",34,4,"Leipzig",34,17,7,10,72,37,35,58,2021
"437","Germany","Games of Matchday 34 Bundesliga 21/22",34,5,"Union Berlin",34,16,9,9,50,44,6,57,2021
"438","Germany","Games of Matchday 34 Bundesliga 21/22",34,6,"Freiburg",34,15,10,9,58,46,12,55,2021
"439","Germany","Games of Matchday 34 Bundesliga 21/22",34,7,"1.FC Köln",34,14,10,10,52,49,3,52,2021
"440","Germany","Games of Matchday 34 Bundesliga 21/22",34,8,"Mainz",34,13,7,14,50,45,5,46,2021
"441","Germany","Games of Matchday 34 Bundesliga 21/22",34,9,"Hoffenheim",34,13,7,14,58,60,-2,46,2021
"442","Germany","Games of Matchday 34 Bundesliga 21/22",34,10,"Mönchengladbach",34,12,9,13,54,61,-7,45,2021
"443","Germany","Games of Matchday 34 Bundesliga 21/22",34,11,"Frankfurt",34,10,12,12,45,49,-4,42,2021
"444","Germany","Games of Matchday 34 Bundesliga 21/22",34,12,"Wolfsburg",34,12,6,16,43,54,-11,42,2021
"445","Germany","Games of Matchday 34 Bundesliga 21/22",34,13,"VfL Bochum",34,12,6,16,38,52,-14,42,2021
"446","Germany","Games of Matchday 34 Bundesliga 21/22",34,14,"Augsburg",34,10,8,16,39,56,-17,38,2021
"447","Germany","Games of Matchday 34 Bundesliga 21/22",34,15,"Stuttgart",34,7,12,15,41,59,-18,33,2021
"448","Germany","Games of Matchday 34 Bundesliga 21/22",34,16,"Hertha BSC",34,9,6,19,37,71,-34,33,2021
"449","Germany","Games of Matchday 34 Bundesliga 21/22",34,17,"Arm. Bielefeld",34,5,13,16,27,53,-26,28,2021
"450","Germany","Games of Matchday 34 Bundesliga 21/22",34,18,"Greuther Fürth",34,3,9,22,28,82,-54,18,2021
"451","Italy","Games of Matchday 38 Serie A 21/22",38,1,"AC Milan",38,26,8,4,69,31,38,86,2021
"452","Italy","Games of Matchday 38 Serie A 21/22",38,2,"Inter",38,25,9,4,84,32,52,84,2021
"453","Italy","Games of Matchday 38 Serie A 21/22",38,3,"Napoli",38,24,7,7,74,31,43,79,2021
"454","Italy","Games of Matchday 38 Serie A 21/22",38,4,"Juventus",38,20,10,8,57,37,20,70,2021
"455","Italy","Games of Matchday 38 Serie A 21/22",38,5,"Lazio",38,18,10,10,77,58,19,64,2021
"456","Italy","Games of Matchday 38 Serie A 21/22",38,6,"Roma",38,18,9,11,59,43,16,63,2021
"457","Italy","Games of Matchday 38 Serie A 21/22",38,7,"Fiorentina",38,19,5,14,59,51,8,62,2021
"458","Italy","Games of Matchday 38 Serie A 21/22",38,8,"Atalanta",38,16,11,11,65,48,17,59,2021
"459","Italy","Games of Matchday 38 Serie A 21/22",38,9,"Hellas Verona",38,14,11,13,65,59,6,53,2021
"460","Italy","Games of Matchday 38 Serie A 21/22",38,10,"Torino",38,13,11,14,46,41,5,50,2021
"461","Italy","Games of Matchday 38 Serie A 21/22",38,11,"Sassuolo",38,13,11,14,64,66,-2,50,2021
"462","Italy","Games of Matchday 38 Serie A 21/22",38,12,"Udinese",38,11,14,13,61,58,3,47,2021
"463","Italy","Games of Matchday 38 Serie A 21/22",38,13,"Bologna",38,12,10,16,44,55,-11,46,2021
"464","Italy","Games of Matchday 38 Serie A 21/22",38,14,"FC Empoli",38,10,11,17,50,70,-20,41,2021
"465","Italy","Games of Matchday 38 Serie A 21/22",38,15,"Sampdoria",38,10,6,22,46,63,-17,36,2021
"466","Italy","Games of Matchday 38 Serie A 21/22",38,16,"Spezia Calcio",38,10,6,22,41,71,-30,36,2021
"467","Italy","Games of Matchday 38 Serie A 21/22",38,17,"Salernitana",38,7,10,21,33,78,-45,31,2021
"468","Italy","Games of Matchday 38 Serie A 21/22",38,18,"Cagliari",38,6,12,20,34,68,-34,30,2021
"469","Italy","Games of Matchday 38 Serie A 21/22",38,19,"Genoa",38,4,16,18,27,60,-33,28,2021
"470","Italy","Games of Matchday 38 Serie A 21/22",38,20,"Venezia",38,6,9,23,34,69,-35,27,2021
"471","France","Games of Matchday 38 Ligue 1 21/22",38,1,"PSG",38,26,8,4,90,36,54,86,2021
"472","France","Games of Matchday 38 Ligue 1 21/22",38,2,"Marseille",38,21,8,9,63,38,25,71,2021
"473","France","Games of Matchday 38 Ligue 1 21/22",38,3,"Monaco",38,20,9,9,65,40,25,69,2021
"474","France","Games of Matchday 38 Ligue 1 21/22",38,4,"Stade Rennais",38,20,6,12,82,40,42,66,2021
"475","France","Games of Matchday 38 Ligue 1 21/22",38,5,"Nice",38,20,7,11,52,36,16,66,2021
"476","France","Games of Matchday 38 Ligue 1 21/22",38,6,"R. Strasbourg",38,17,12,9,60,43,17,63,2021
"477","France","Games of Matchday 38 Ligue 1 21/22",38,7,"Lens",38,17,11,10,62,48,14,62,2021
"478","France","Games of Matchday 38 Ligue 1 21/22",38,8,"Lyon",38,17,11,10,66,51,15,61,2021
"479","France","Games of Matchday 38 Ligue 1 21/22",38,9,"FC Nantes",38,15,10,13,55,48,7,55,2021
"480","France","Games of Matchday 38 Ligue 1 21/22",38,10,"Lille",38,14,13,11,48,48,0,55,2021
"481","France","Games of Matchday 38 Ligue 1 21/22",38,11,"Stade Brestois",38,13,9,16,49,57,-8,48,2021
"482","France","Games of Matchday 38 Ligue 1 21/22",38,12,"Stade Reims",38,11,13,14,43,44,-1,46,2021
"483","France","Games of Matchday 38 Ligue 1 21/22",38,13,"Montpellier",38,12,7,19,49,61,-12,43,2021
"484","France","Games of Matchday 38 Ligue 1 21/22",38,14,"Angers SCO",38,10,11,17,44,55,-11,41,2021
"485","France","Games of Matchday 38 Ligue 1 21/22",38,15,"Troyes",38,9,11,18,37,53,-16,38,2021
"486","France","Games of Matchday 38 Ligue 1 21/22",38,16,"FC Lorient",38,8,12,18,35,63,-28,36,2021
"487","France","Games of Matchday 38 Ligue 1 21/22",38,17,"Clermont Foot",38,9,9,20,38,69,-31,36,2021
"488","France","Games of Matchday 38 Ligue 1 21/22",38,18,"Saint-Étienne",38,7,11,20,42,77,-35,32,2021
"489","France","Games of Matchday 38 Ligue 1 21/22",38,19,"FC Metz",38,6,13,19,35,69,-34,31,2021
"490","France","Games of Matchday 38 Ligue 1 21/22",38,20,"G. Bordeaux",38,6,13,19,52,91,-39,31,2021
"491","England","Games of Matchday 38 Premier League 22/23",38,1,"Man City",38,28,5,5,94,33,61,89,2022
"492","England","Games of Matchday 38 Premier League 22/23",38,2,"Arsenal",38,26,6,6,88,43,45,84,2022
"493","England","Games of Matchday 38 Premier League 22/23",38,3,"Man Utd",38,23,6,9,58,43,15,75,2022
"494","England","Games of Matchday 38 Premier League 22/23",38,4,"Newcastle",38,19,14,5,68,33,35,71,2022
"495","England","Games of Matchday 38 Premier League 22/23",38,5,"Liverpool",38,19,10,9,75,47,28,67,2022
"496","England","Games of Matchday 38 Premier League 22/23",38,6,"Brighton",38,18,8,12,72,53,19,62,2022
"497","England","Games of Matchday 38 Premier League 22/23",38,7,"Aston Villa",38,18,7,13,51,46,5,61,2022
"498","England","Games of Matchday 38 Premier League 22/23",38,8,"Tottenham",38,18,6,14,70,63,7,60,2022
"499","England","Games of Matchday 38 Premier League 22/23",38,9,"Brentford",38,15,14,9,58,46,12,59,2022
"500","England","Games of Matchday 38 Premier League 22/23",38,10,"Fulham",38,15,7,16,55,53,2,52,2022
"501","England","Games of Matchday 38 Premier League 22/23",38,11,"Crystal Palace",38,11,12,15,40,49,-9,45,2022
"502","England","Games of Matchday 38 Premier League 22/23",38,12,"Chelsea",38,11,11,16,38,47,-9,44,2022
"503","England","Games of Matchday 38 Premier League 22/23",38,13,"Wolves",38,11,8,19,31,58,-27,41,2022
"504","England","Games of Matchday 38 Premier League 22/23",38,14,"West Ham",38,11,7,20,42,55,-13,40,2022
"505","England","Games of Matchday 38 Premier League 22/23",38,15,"Bournemouth",38,11,6,21,37,71,-34,39,2022
"506","England","Games of Matchday 38 Premier League 22/23",38,16,"Nott'm Forest",38,9,11,18,38,68,-30,38,2022
"507","England","Games of Matchday 38 Premier League 22/23",38,17,"Everton",38,8,12,18,34,57,-23,36,2022
"508","England","Games of Matchday 38 Premier League 22/23",38,18,"Leicester",38,9,7,22,51,68,-17,34,2022
"509","England","Games of Matchday 38 Premier League 22/23",38,19,"Leeds",38,7,10,21,48,78,-30,31,2022
"510","England","Games of Matchday 38 Premier League 22/23",38,20,"Southampton",38,6,7,25,36,73,-37,25,2022
"511","Spain","Games of Matchday 38 LaLiga 22/23",38,1,"Barcelona",38,28,4,6,70,20,50,88,2022
"512","Spain","Games of Matchday 38 LaLiga 22/23",38,2,"Real Madrid",38,24,6,8,75,36,39,78,2022
"513","Spain","Games of Matchday 38 LaLiga 22/23",38,3,"Atlético",38,23,8,7,70,33,37,77,2022
"514","Spain","Games of Matchday 38 LaLiga 22/23",38,4,"Real Sociedad",38,21,8,9,51,35,16,71,2022
"515","Spain","Games of Matchday 38 LaLiga 22/23",38,5,"Villarreal",38,19,7,12,59,40,19,64,2022
"516","Spain","Games of Matchday 38 LaLiga 22/23",38,6,"Real Betis",38,17,9,12,46,41,5,60,2022
"517","Spain","Games of Matchday 38 LaLiga 22/23",38,7,"CA Osasuna",38,15,8,15,37,42,-5,53,2022
"518","Spain","Games of Matchday 38 LaLiga 22/23",38,8,"Athletic Club",38,14,9,15,47,43,4,51,2022
"519","Spain","Games of Matchday 38 LaLiga 22/23",38,9,"RCD Mallorca",38,14,8,16,37,43,-6,50,2022
"520","Spain","Games of Matchday 38 LaLiga 22/23",38,10,"Girona",38,13,10,15,58,55,3,49,2022
"521","Spain","Games of Matchday 38 LaLiga 22/23",38,11,"Sevilla FC",38,13,10,15,47,54,-7,49,2022
"522","Spain","Games of Matchday 38 LaLiga 22/23",38,12,"Rayo Vallecano",38,13,10,15,45,53,-8,49,2022
"523","Spain","Games of Matchday 38 LaLiga 22/23",38,13,"Celta de Vigo",38,11,10,17,43,53,-10,43,2022
"524","Spain","Games of Matchday 38 LaLiga 22/23",38,14,"Valencia",38,11,9,18,42,45,-3,42,2022
"525","Spain","Games of Matchday 38 LaLiga 22/23",38,15,"Getafe",38,10,12,16,34,45,-11,42,2022
"526","Spain","Games of Matchday 38 LaLiga 22/23",38,16,"Cádiz CF",38,10,12,16,30,53,-23,42,2022
"527","Spain","Games of Matchday 38 LaLiga 22/23",38,17,"UD Almería",38,11,8,19,49,65,-16,41,2022
"528","Spain","Games of Matchday 38 LaLiga 22/23",38,18,"Real Valladolid",38,11,7,20,33,63,-30,40,2022
"529","Spain","Games of Matchday 38 LaLiga 22/23",38,19,"Espanyol",38,8,13,17,52,69,-17,37,2022
"530","Spain","Games of Matchday 38 LaLiga 22/23",38,20,"Elche CF",38,5,10,23,30,67,-37,25,2022
"531","Germany","Games of Matchday 34 Bundesliga 22/23",34,1,"Bayern Munich",34,21,8,5,92,38,54,71,2022
"532","Germany","Games of Matchday 34 Bundesliga 22/23",34,2,"Dortmund",34,22,5,7,83,44,39,71,2022
"533","Germany","Games of Matchday 34 Bundesliga 22/23",34,3,"Leipzig",34,20,6,8,64,41,23,66,2022
"534","Germany","Games of Matchday 34 Bundesliga 22/23",34,4,"Union Berlin",34,18,8,8,51,38,13,62,2022
"535","Germany","Games of Matchday 34 Bundesliga 22/23",34,5,"Freiburg",34,17,8,9,51,44,7,59,2022
"536","Germany","Games of Matchday 34 Bundesliga 22/23",34,6,"Leverkusen",34,14,8,12,57,49,8,50,2022
"537","Germany","Games of Matchday 34 Bundesliga 22/23",34,7,"Frankfurt",34,13,11,10,58,52,6,50,2022
"538","Germany","Games of Matchday 34 Bundesliga 22/23",34,8,"Wolfsburg",34,13,10,11,57,48,9,49,2022
"539","Germany","Games of Matchday 34 Bundesliga 22/23",34,9,"Mainz",34,12,10,12,54,55,-1,46,2022
"540","Germany","Games of Matchday 34 Bundesliga 22/23",34,10,"Mönchengladbach",34,11,10,13,52,55,-3,43,2022
"541","Germany","Games of Matchday 34 Bundesliga 22/23",34,11,"1.FC Köln",34,10,12,12,49,54,-5,42,2022
"542","Germany","Games of Matchday 34 Bundesliga 22/23",34,12,"Hoffenheim",34,10,6,18,48,57,-9,36,2022
"543","Germany","Games of Matchday 34 Bundesliga 22/23",34,13,"Werder Bremen",34,10,6,18,51,64,-13,36,2022
"544","Germany","Games of Matchday 34 Bundesliga 22/23",34,14,"VfL Bochum",34,10,5,19,40,72,-32,35,2022
"545","Germany","Games of Matchday 34 Bundesliga 22/23",34,15,"Augsburg",34,9,7,18,42,63,-21,34,2022
"546","Germany","Games of Matchday 34 Bundesliga 22/23",34,16,"Stuttgart",34,7,12,15,45,57,-12,33,2022
"547","Germany","Games of Matchday 34 Bundesliga 22/23",34,17,"FC Schalke 04",34,7,10,17,35,71,-36,31,2022
"548","Germany","Games of Matchday 34 Bundesliga 22/23",34,18,"Hertha BSC",34,7,8,19,42,69,-27,29,2022
"549","Italy","Games of Matchday 38 Serie A 22/23",38,1,"Napoli",38,28,6,4,77,28,49,90,2022
"550","Italy","Games of Matchday 38 Serie A 22/23",38,2,"Lazio",38,22,8,8,60,30,30,74,2022
"551","Italy","Games of Matchday 38 Serie A 22/23",38,3,"Inter",38,23,3,12,71,42,29,72,2022
"552","Italy","Games of Matchday 38 Serie A 22/23",38,4,"AC Milan",38,20,10,8,64,43,21,70,2022
"553","Italy","Games of Matchday 38 Serie A 22/23",38,5,"Atalanta",38,19,7,12,66,48,18,64,2022
"554","Italy","Games of Matchday 38 Serie A 22/23",38,6,"Roma",38,18,9,11,50,38,12,63,2022
"555","Italy","Games of Matchday 38 Serie A 22/23",38,7,"Juventus",38,22,6,10,56,33,23,62,2022
"556","Italy","Games of Matchday 38 Serie A 22/23",38,8,"Fiorentina",38,15,11,12,53,43,10,56,2022
"557","Italy","Games of Matchday 38 Serie A 22/23",38,9,"Bologna",38,14,12,12,53,49,4,54,2022
"558","Italy","Games of Matchday 38 Serie A 22/23",38,10,"Torino",38,14,11,13,42,41,1,53,2022
"559","Italy","Games of Matchday 38 Serie A 22/23",38,11,"Monza",38,14,10,14,48,52,-4,52,2022
"560","Italy","Games of Matchday 38 Serie A 22/23",38,12,"Udinese",38,11,13,14,47,48,-1,46,2022
"561","Italy","Games of Matchday 38 Serie A 22/23",38,13,"Sassuolo",38,12,9,17,47,61,-14,45,2022
"562","Italy","Games of Matchday 38 Serie A 22/23",38,14,"FC Empoli",38,10,13,15,37,49,-12,43,2022
"563","Italy","Games of Matchday 38 Serie A 22/23",38,15,"Salernitana",38,9,15,14,48,62,-14,42,2022
"564","Italy","Games of Matchday 38 Serie A 22/23",38,16,"Lecce",38,8,12,18,33,46,-13,36,2022
"565","Italy","Games of Matchday 38 Serie A 22/23",38,17,"Spezia Calcio",38,6,13,19,31,62,-31,31,2022
"566","Italy","Games of Matchday 38 Serie A 22/23",38,18,"Hellas Verona",38,7,10,21,31,59,-28,31,2022
"567","Italy","Games of Matchday 38 Serie A 22/23",38,19,"Cremonese",38,5,12,21,36,69,-33,27,2022
"568","Italy","Games of Matchday 38 Serie A 22/23",38,20,"Sampdoria",38,3,10,25,24,71,-47,19,2022
"569","France","Games of Matchday 38 Ligue 1 22/23",38,1,"PSG",38,27,4,7,89,40,49,85,2022
"570","France","Games of Matchday 38 Ligue 1 22/23",38,2,"Lens",38,25,9,4,68,29,39,84,2022
"571","France","Games of Matchday 38 Ligue 1 22/23",38,3,"Marseille",38,22,7,9,67,40,27,73,2022
"572","France","Games of Matchday 38 Ligue 1 22/23",38,4,"Stade Rennais",38,21,5,12,69,39,30,68,2022
"573","France","Games of Matchday 38 Ligue 1 22/23",38,5,"Lille",38,19,10,9,65,44,21,67,2022
"574","France","Games of Matchday 38 Ligue 1 22/23",38,6,"Monaco",38,19,8,11,70,58,12,65,2022
"575","France","Games of Matchday 38 Ligue 1 22/23",38,7,"Lyon",38,18,8,12,65,47,18,62,2022
"576","France","Games of Matchday 38 Ligue 1 22/23",38,8,"Clermont Foot",38,17,8,13,45,49,-4,59,2022
"577","France","Games of Matchday 38 Ligue 1 22/23",38,9,"Nice",38,15,13,10,48,37,11,58,2022
"578","France","Games of Matchday 38 Ligue 1 22/23",38,10,"FC Lorient",38,15,10,13,52,53,-1,55,2022
"579","France","Games of Matchday 38 Ligue 1 22/23",38,11,"Stade Reims",38,12,15,11,45,45,0,51,2022
"580","France","Games of Matchday 38 Ligue 1 22/23",38,12,"Montpellier",38,15,5,18,65,62,3,50,2022
"581","France","Games of Matchday 38 Ligue 1 22/23",38,13,"Toulouse",38,13,9,16,51,57,-6,48,2022
"582","France","Games of Matchday 38 Ligue 1 22/23",38,14,"Stade Brestois",38,11,11,16,44,54,-10,44,2022
"583","France","Games of Matchday 38 Ligue 1 22/23",38,15,"R. Strasbourg",38,9,13,16,51,59,-8,40,2022
"584","France","Games of Matchday 38 Ligue 1 22/23",38,16,"FC Nantes",38,7,15,16,37,55,-18,36,2022
"585","France","Games of Matchday 38 Ligue 1 22/23",38,17,"AJ Auxerre",38,8,11,19,35,63,-28,35,2022
"586","France","Games of Matchday 38 Ligue 1 22/23",38,18,"AC Ajaccio",38,7,5,26,23,74,-51,26,2022
"587","France","Games of Matchday 38 Ligue 1 22/23",38,19,"Troyes",38,4,12,22,45,81,-36,24,2022
"588","France","Games of Matchday 38 Ligue 1 22/23",38,20,"Angers SCO",38,4,6,28,33,81,-48,18,2022
"589","England","Games of Matchday 38 Premier League 23/24",38,1,"Man City",38,28,7,3,96,34,62,91,2023
"590","England","Games of Matchday 38 Premier League 23/24",38,2,"Arsenal",38,28,5,5,91,29,62,89,2023
"591","England","Games of Matchday 38 Premier League 23/24",38,3,"Liverpool",38,24,10,4,86,41,45,82,2023
"592","England","Games of Matchday 38 Premier League 23/24",38,4,"Aston Villa",38,20,8,10,76,61,15,68,2023
"593","England","Games of Matchday 38 Premier League 23/24",38,5,"Tottenham",38,20,6,12,74,61,13,66,2023
"594","England","Games of Matchday 38 Premier League 23/24",38,6,"Chelsea",38,18,9,11,77,63,14,63,2023
"595","England","Games of Matchday 38 Premier League 23/24",38,7,"Newcastle",38,18,6,14,85,62,23,60,2023
"596","England","Games of Matchday 38 Premier League 23/24",38,8,"Man Utd",38,18,6,14,57,58,-1,60,2023
"597","England","Games of Matchday 38 Premier League 23/24",38,9,"West Ham",38,14,10,14,60,74,-14,52,2023
"598","England","Games of Matchday 38 Premier League 23/24",38,10,"Crystal Palace",38,13,10,15,57,58,-1,49,2023
"599","England","Games of Matchday 38 Premier League 23/24",38,11,"Brighton",38,12,12,14,55,62,-7,48,2023
"600","England","Games of Matchday 38 Premier League 23/24",38,12,"Bournemouth",38,13,9,16,54,67,-13,48,2023
"601","England","Games of Matchday 38 Premier League 23/24",38,13,"Fulham",38,13,8,17,55,61,-6,47,2023
"602","England","Games of Matchday 38 Premier League 23/24",38,14,"Wolves",38,13,7,18,50,65,-15,46,2023
"603","England","Games of Matchday 38 Premier League 23/24",38,15,"Everton",38,13,9,16,40,51,-11,40,2023
"604","England","Games of Matchday 38 Premier League 23/24",38,16,"Brentford",38,10,9,19,56,65,-9,39,2023
"605","England","Games of Matchday 38 Premier League 23/24",38,17,"Nott'm Forest",38,9,9,20,49,67,-18,32,2023
"606","England","Games of Matchday 38 Premier League 23/24",38,18,"Luton",38,6,8,24,52,85,-33,26,2023
"607","England","Games of Matchday 38 Premier League 23/24",38,19,"Burnley",38,5,9,24,41,78,-37,24,2023
"608","England","Games of Matchday 38 Premier League 23/24",38,20,"Sheff Utd",38,3,7,28,35,104,-69,16,2023
"609","Spain","Games of Matchday 38 LaLiga 23/24",38,1,"Real Madrid",38,29,8,1,87,26,61,95,2023
"610","Spain","Games of Matchday 38 LaLiga 23/24",38,2,"Barcelona",38,26,7,5,79,44,35,85,2023
"611","Spain","Games of Matchday 38 LaLiga 23/24",38,3,"Girona",38,25,6,7,85,46,39,81,2023
"612","Spain","Games of Matchday 38 LaLiga 23/24",38,4,"Atlético",38,24,4,10,70,43,27,76,2023
"613","Spain","Games of Matchday 38 LaLiga 23/24",38,5,"Athletic Club",38,19,11,8,61,37,24,68,2023
"614","Spain","Games of Matchday 38 LaLiga 23/24",38,6,"Real Sociedad",38,16,12,10,51,39,12,60,2023
"615","Spain","Games of Matchday 38 LaLiga 23/24",38,7,"Real Betis",38,14,15,9,48,45,3,57,2023
"616","Spain","Games of Matchday 38 LaLiga 23/24",38,8,"Villarreal",38,14,11,13,65,65,0,53,2023
"617","Spain","Games of Matchday 38 LaLiga 23/24",38,9,"Valencia",38,13,10,15,40,45,-5,49,2023
"618","Spain","Games of Matchday 38 LaLiga 23/24",38,10,"Alavés",38,12,10,16,36,46,-10,46,2023
"619","Spain","Games of Matchday 38 LaLiga 23/24",38,11,"CA Osasuna",38,12,9,17,45,56,-11,45,2023
"620","Spain","Games of Matchday 38 LaLiga 23/24",38,12,"Getafe",38,10,13,15,42,54,-12,43,2023
"621","Spain","Games of Matchday 38 LaLiga 23/24",38,13,"Sevilla FC",38,10,11,17,48,54,-6,41,2023
"622","Spain","Games of Matchday 38 LaLiga 23/24",38,14,"Celta de Vigo",38,10,11,17,46,57,-11,41,2023
"623","Spain","Games of Matchday 38 LaLiga 23/24",38,15,"RCD Mallorca",38,8,16,14,33,44,-11,40,2023
"624","Spain","Games of Matchday 38 LaLiga 23/24",38,16,"UD Las Palmas",38,10,10,18,33,47,-14,40,2023
"625","Spain","Games of Matchday 38 LaLiga 23/24",38,17,"Rayo Vallecano",38,8,14,16,29,48,-19,38,2023
"626","Spain","Games of Matchday 38 LaLiga 23/24",38,18,"Cádiz CF",38,6,15,17,26,55,-29,33,2023
"627","Spain","Games of Matchday 38 LaLiga 23/24",38,19,"UD Almería",38,3,12,23,43,75,-32,21,2023
"628","Spain","Games of Matchday 38 LaLiga 23/24",38,20,"Granada CF",38,4,9,25,38,79,-41,21,2023
"629","Germany","Games of Matchday 34 Bundesliga 23/24",34,1,"Leverkusen",34,28,6,0,89,24,65,90,2023
"630","Germany","Games of Matchday 34 Bundesliga 23/24",34,2,"Stuttgart",34,23,4,7,78,39,39,73,2023
"631","Germany","Games of Matchday 34 Bundesliga 23/24",34,3,"Bayern Munich",34,23,3,8,94,45,49,72,2023
"632","Germany","Games of Matchday 34 Bundesliga 23/24",34,4,"Leipzig",34,19,8,7,77,39,38,65,2023
"633","Germany","Games of Matchday 34 Bundesliga 23/24",34,5,"Dortmund",34,18,9,7,68,43,25,63,2023
"634","Germany","Games of Matchday 34 Bundesliga 23/24",34,6,"Frankfurt",34,11,14,9,51,50,1,47,2023
"635","Germany","Games of Matchday 34 Bundesliga 23/24",34,7,"Hoffenheim",34,13,7,14,66,66,0,46,2023
"636","Germany","Games of Matchday 34 Bundesliga 23/24",34,8,"Heidenheim",34,10,12,12,50,55,-5,42,2023
"637","Germany","Games of Matchday 34 Bundesliga 23/24",34,9,"Werder Bremen",34,11,9,14,48,54,-6,42,2023
"638","Germany","Games of Matchday 34 Bundesliga 23/24",34,10,"Freiburg",34,11,9,14,45,58,-13,42,2023
"639","Germany","Games of Matchday 34 Bundesliga 23/24",34,11,"Augsburg",34,10,9,15,50,60,-10,39,2023
"640","Germany","Games of Matchday 34 Bundesliga 23/24",34,12,"Wolfsburg",34,10,7,17,41,56,-15,37,2023
"641","Germany","Games of Matchday 34 Bundesliga 23/24",34,13,"Mainz",34,7,14,13,39,51,-12,35,2023
"642","Germany","Games of Matchday 34 Bundesliga 23/24",34,14,"Mönchengladbach",34,7,13,14,56,67,-11,34,2023
"643","Germany","Games of Matchday 34 Bundesliga 23/24",34,15,"Union Berlin",34,9,6,19,33,58,-25,33,2023
"644","Germany","Games of Matchday 34 Bundesliga 23/24",34,16,"VfL Bochum",34,7,12,15,42,74,-32,33,2023
"645","Germany","Games of Matchday 34 Bundesliga 23/24",34,17,"1.FC Köln",34,5,12,17,28,60,-32,27,2023
"646","Germany","Games of Matchday 34 Bundesliga 23/24",34,18,"Darmstadt 98",34,3,8,23,30,86,-56,17,2023
"647","Italy","Games of Matchday 38 Serie A 23/24",38,1,"Inter",38,29,7,2,89,22,67,94,2023
"648","Italy","Games of Matchday 38 Serie A 23/24",38,2,"AC Milan",38,22,9,7,76,49,27,75,2023
"649","Italy","Games of Matchday 38 Serie A 23/24",38,3,"Juventus",38,19,14,5,54,31,23,71,2023
"650","Italy","Games of Matchday 38 Serie A 23/24",38,4,"Atalanta",38,21,6,11,72,42,30,69,2023
"651","Italy","Games of Matchday 38 Serie A 23/24",38,5,"Bologna",38,18,14,6,54,32,22,68,2023
"652","Italy","Games of Matchday 38 Serie A 23/24",38,6,"Roma",38,18,9,11,65,46,19,63,2023
"653","Italy","Games of Matchday 38 Serie A 23/24",38,7,"Lazio",38,18,7,13,49,39,10,61,2023
"654","Italy","Games of Matchday 38 Serie A 23/24",38,8,"Fiorentina",38,17,9,12,61,46,15,60,2023
"655","Italy","Games of Matchday 38 Serie A 23/24",38,9,"Torino",38,13,14,11,36,36,0,53,2023
"656","Italy","Games of Matchday 38 Serie A 23/24",38,10,"Napoli",38,13,14,11,55,48,7,53,2023
"657","Italy","Games of Matchday 38 Serie A 23/24",38,11,"Genoa",38,12,13,13,45,45,0,49,2023
"658","Italy","Games of Matchday 38 Serie A 23/24",38,12,"Monza",38,11,12,15,39,51,-12,45,2023
"659","Italy","Games of Matchday 38 Serie A 23/24",38,13,"Hellas Verona",38,9,11,18,38,51,-13,38,2023
"660","Italy","Games of Matchday 38 Serie A 23/24",38,14,"Lecce",38,8,14,16,32,54,-22,38,2023
"661","Italy","Games of Matchday 38 Serie A 23/24",38,15,"Udinese",38,6,19,13,37,53,-16,37,2023
"662","Italy","Games of Matchday 38 Serie A 23/24",38,16,"Cagliari",38,8,12,18,42,68,-26,36,2023
"663","Italy","Games of Matchday 38 Serie A 23/24",38,17,"FC Empoli",38,9,9,20,29,54,-25,36,2023
"664","Italy","Games of Matchday 38 Serie A 23/24",38,18,"Frosinone",38,8,11,19,44,69,-25,35,2023
"665","Italy","Games of Matchday 38 Serie A 23/24",38,19,"Sassuolo",38,7,9,22,43,75,-32,30,2023
"666","Italy","Games of Matchday 38 Serie A 23/24",38,20,"Salernitana",38,2,11,25,32,81,-49,17,2023
"667","France","Games of Matchday 34 Ligue 1 23/24",34,1,"PSG",34,22,10,2,81,33,48,76,2023
"668","France","Games of Matchday 34 Ligue 1 23/24",34,2,"Monaco",34,20,7,7,68,42,26,67,2023
"669","France","Games of Matchday 34 Ligue 1 23/24",34,3,"Stade Brestois",34,17,10,7,53,34,19,61,2023
"670","France","Games of Matchday 34 Ligue 1 23/24",34,4,"Lille",34,16,11,7,52,34,18,59,2023
"671","France","Games of Matchday 34 Ligue 1 23/24",34,5,"Nice",34,15,10,9,40,29,11,55,2023
"672","France","Games of Matchday 34 Ligue 1 23/24",34,6,"Lyon",34,16,5,13,49,55,-6,53,2023
"673","France","Games of Matchday 34 Ligue 1 23/24",34,7,"Lens",34,14,9,11,45,37,8,51,2023
"674","France","Games of Matchday 34 Ligue 1 23/24",34,8,"Marseille",34,13,11,10,52,41,11,50,2023
"675","France","Games of Matchday 34 Ligue 1 23/24",34,9,"Stade Reims",34,13,8,13,42,47,-5,47,2023
"676","France","Games of Matchday 34 Ligue 1 23/24",34,10,"Stade Rennais",34,12,10,12,53,46,7,46,2023
"677","France","Games of Matchday 34 Ligue 1 23/24",34,11,"Toulouse",34,11,10,13,42,46,-4,43,2023
"678","France","Games of Matchday 34 Ligue 1 23/24",34,12,"Montpellier",34,10,12,12,43,48,-5,41,2023
"679","France","Games of Matchday 34 Ligue 1 23/24",34,13,"R. Strasbourg",34,10,9,15,38,50,-12,39,2023
"680","France","Games of Matchday 34 Ligue 1 23/24",34,14,"FC Nantes",34,9,6,19,30,55,-25,33,2023
"681","France","Games of Matchday 34 Ligue 1 23/24",34,15,"Le Havre AC",34,7,11,16,34,45,-11,32,2023
"682","France","Games of Matchday 34 Ligue 1 23/24",34,16,"FC Metz",34,8,5,21,35,58,-23,29,2023
"683","France","Games of Matchday 34 Ligue 1 23/24",34,17,"FC Lorient",34,7,8,19,43,66,-23,29,2023
"684","France","Games of Matchday 34 Ligue 1 23/24",34,18,"Clermont Foot",34,5,10,19,26,60,-34,25,2023
"685","England","Games of Matchday 38 Premier League 24/25",38,1,"Liverpool",38,25,9,4,86,41,45,84,2024
"686","England","Games of Matchday 38 Premier League 24/25",38,2,"Arsenal",38,20,14,4,69,34,35,74,2024
"687","England","Games of Matchday 38 Premier League 24/25",38,3,"Man City",38,21,8,9,72,44,28,71,2024
"688","England","Games of Matchday 38 Premier League 24/25",38,4,"Chelsea",38,20,9,9,64,43,21,69,2024
"689","England","Games of Matchday 38 Premier League 24/25",38,5,"Newcastle",38,20,6,12,68,47,21,66,2024
"690","England","Games of Matchday 38 Premier League 24/25",38,6,"Aston Villa",38,19,9,10,58,51,7,66,2024
"691","England","Games of Matchday 38 Premier League 24/25",38,7,"Nott'm Forest",38,19,8,11,58,46,12,65,2024
"692","England","Games of Matchday 38 Premier League 24/25",38,8,"Brighton",38,16,13,9,66,59,7,61,2024
"693","England","Games of Matchday 38 Premier League 24/25",38,9,"Bournemouth",38,15,11,12,58,46,12,56,2024
"694","England","Games of Matchday 38 Premier League 24/25",38,10,"Brentford",38,16,8,14,66,57,9,56,2024
"695","England","Games of Matchday 38 Premier League 24/25",38,11,"Fulham",38,15,9,14,54,54,0,54,2024
"696","England","Games of Matchday 38 Premier League 24/25",38,12,"Crystal Palace",38,13,14,11,51,51,0,53,2024
"697","England","Games of Matchday 38 Premier League 24/25",38,13,"Everton",38,11,15,12,42,44,-2,48,2024
"698","England","Games of Matchday 38 Premier League 24/25",38,14,"West Ham",38,11,10,17,46,62,-16,43,2024
"699","England","Games of Matchday 38 Premier League 24/25",38,15,"Man Utd",38,11,9,18,44,54,-10,42,2024
"700","England","Games of Matchday 38 Premier League 24/25",38,16,"Wolves",38,12,6,20,54,69,-15,42,2024
"701","England","Games of Matchday 38 Premier League 24/25",38,17,"Tottenham",38,11,5,22,64,65,-1,38,2024
"702","England","Games of Matchday 38 Premier League 24/25",38,18,"Leicester",38,6,7,25,33,80,-47,25,2024
"703","England","Games of Matchday 38 Premier League 24/25",38,19,"Ipswich",38,4,10,24,36,82,-46,22,2024
"704","England","Games of Matchday 38 Premier League 24/25",38,20,"Southampton",38,2,6,30,26,86,-60,12,2024
"705","Spain","Games of Matchday 38 LaLiga 24/25",38,1,"Barcelona",38,28,4,6,102,39,63,88,2024
"706","Spain","Games of Matchday 38 LaLiga 24/25",38,2,"Real Madrid",38,26,6,6,78,38,40,84,2024
"707","Spain","Games of Matchday 38 LaLiga 24/25",38,3,"Atlético",38,22,10,6,68,30,38,76,2024
"708","Spain","Games of Matchday 38 LaLiga 24/25",38,4,"Athletic Club",38,19,13,6,54,29,25,70,2024
"709","Spain","Games of Matchday 38 LaLiga 24/25",38,5,"Villarreal",38,20,10,8,71,51,20,70,2024
"710","Spain","Games of Matchday 38 LaLiga 24/25",38,6,"Real Betis",38,16,12,10,57,50,7,60,2024
"711","Spain","Games of Matchday 38 LaLiga 24/25",38,7,"Celta de Vigo",38,16,7,15,59,57,2,55,2024
"712","Spain","Games of Matchday 38 LaLiga 24/25",38,8,"Rayo Vallecano",38,13,13,12,41,45,-4,52,2024
"713","Spain","Games of Matchday 38 LaLiga 24/25",38,9,"CA Osasuna",38,12,16,10,48,52,-4,52,2024
"714","Spain","Games of Matchday 38 LaLiga 24/25",38,10,"RCD Mallorca",38,13,9,16,35,44,-9,48,2024
"715","Spain","Games of Matchday 38 LaLiga 24/25",38,11,"Real Sociedad",38,13,7,18,35,46,-11,46,2024
"716","Spain","Games of Matchday 38 LaLiga 24/25",38,12,"Valencia",38,11,13,14,44,54,-10,46,2024
"717","Spain","Games of Matchday 38 LaLiga 24/25",38,13,"Getafe",38,11,9,18,34,39,-5,42,2024
"718","Spain","Games of Matchday 38 LaLiga 24/25",38,14,"Espanyol",38,11,9,18,40,51,-11,42,2024
"719","Spain","Games of Matchday 38 LaLiga 24/25",38,15,"Alavés",38,10,12,16,38,48,-10,42,2024
"720","Spain","Games of Matchday 38 LaLiga 24/25",38,16,"Girona",38,11,8,19,44,60,-16,41,2024
"721","Spain","Games of Matchday 38 LaLiga 24/25",38,17,"Sevilla FC",38,10,11,17,42,55,-13,41,2024
"722","Spain","Games of Matchday 38 LaLiga 24/25",38,18,"CD Leganés",38,9,13,16,39,56,-17,40,2024
"723","Spain","Games of Matchday 38 LaLiga 24/25",38,19,"UD Las Palmas",38,8,8,22,40,61,-21,32,2024
"724","Spain","Games of Matchday 38 LaLiga 24/25",38,20,"Real Valladolid",38,4,4,30,26,90,-64,16,2024
"725","Germany","Games of Matchday 34 Bundesliga 24/25",34,1,"Bayern Munich",34,25,7,2,99,32,67,82,2024
"726","Germany","Games of Matchday 34 Bundesliga 24/25",34,2,"Leverkusen",34,19,12,3,72,43,29,69,2024
"727","Germany","Games of Matchday 34 Bundesliga 24/25",34,3,"Frankfurt",34,17,9,8,68,46,22,60,2024
"728","Germany","Games of Matchday 34 Bundesliga 24/25",34,4,"Dortmund",34,17,6,11,71,51,20,57,2024
"729","Germany","Games of Matchday 34 Bundesliga 24/25",34,5,"Freiburg",34,16,7,11,49,53,-4,55,2024
"730","Germany","Games of Matchday 34 Bundesliga 24/25",34,6,"Mainz",34,14,10,10,55,43,12,52,2024
"731","Germany","Games of Matchday 34 Bundesliga 24/25",34,7,"Leipzig",34,13,12,9,53,48,5,51,2024
"732","Germany","Games of Matchday 34 Bundesliga 24/25",34,8,"Werder Bremen",34,14,9,11,54,57,-3,51,2024
"733","Germany","Games of Matchday 34 Bundesliga 24/25",34,9,"Stuttgart",34,14,8,12,64,53,11,50,2024
"734","Germany","Games of Matchday 34 Bundesliga 24/25",34,10,"Mönchengladbach",34,13,6,15,55,57,-2,45,2024
"735","Germany","Games of Matchday 34 Bundesliga 24/25",34,11,"Wolfsburg",34,11,10,13,56,54,2,43,2024
"736","Germany","Games of Matchday 34 Bundesliga 24/25",34,12,"Augsburg",34,11,10,13,35,51,-16,43,2024
"737","Germany","Games of Matchday 34 Bundesliga 24/25",34,13,"Union Berlin",34,10,10,14,35,51,-16,40,2024
"738","Germany","Games of Matchday 34 Bundesliga 24/25",34,14,"St. Pauli",34,8,8,18,28,41,-13,32,2024
"739","Germany","Games of Matchday 34 Bundesliga 24/25",34,15,"Hoffenheim",34,7,11,16,46,68,-22,32,2024
"740","Germany","Games of Matchday 34 Bundesliga 24/25",34,16,"Heidenheim",34,8,5,21,37,64,-27,29,2024
"741","Germany","Games of Matchday 34 Bundesliga 24/25",34,17,"Holstein Kiel",34,6,7,21,49,80,-31,25,2024
"742","Germany","Games of Matchday 34 Bundesliga 24/25",34,18,"VfL Bochum",34,6,7,21,33,67,-34,25,2024
"743","Italy","Games of Matchday 38 Serie A 24/25",38,1,"Napoli",38,24,10,4,59,27,32,82,2024
"744","Italy","Games of Matchday 38 Serie A 24/25",38,2,"Inter",38,24,9,5,79,35,44,81,2024
"745","Italy","Games of Matchday 38 Serie A 24/25",38,3,"Atalanta",38,22,8,8,78,37,41,74,2024
"746","Italy","Games of Matchday 38 Serie A 24/25",38,4,"Juventus",38,18,16,4,58,35,23,70,2024
"747","Italy","Games of Matchday 38 Serie A 24/25",38,5,"Roma",38,20,9,9,56,35,21,69,2024
"748","Italy","Games of Matchday 38 Serie A 24/25",38,6,"Fiorentina",38,19,8,11,60,41,19,65,2024
"749","Italy","Games of Matchday 38 Serie A 24/25",38,7,"Lazio",38,18,11,9,61,49,12,65,2024
"750","Italy","Games of Matchday 38 Serie A 24/25",38,8,"AC Milan",38,18,9,11,61,43,18,63,2024
"751","Italy","Games of Matchday 38 Serie A 24/25",38,9,"Bologna",38,16,14,8,57,47,10,62,2024
"752","Italy","Games of Matchday 38 Serie A 24/25",38,10,"Como",38,13,10,15,49,52,-3,49,2024
"753","Italy","Games of Matchday 38 Serie A 24/25",38,11,"Torino",38,10,14,14,39,45,-6,44,2024
"754","Italy","Games of Matchday 38 Serie A 24/25",38,12,"Udinese",38,12,8,18,41,56,-15,44,2024
"755","Italy","Games of Matchday 38 Serie A 24/25",38,13,"Genoa",38,10,13,15,37,49,-12,43,2024
"756","Italy","Games of Matchday 38 Serie A 24/25",38,14,"Hellas Verona",38,10,7,21,34,66,-32,37,2024
"757","Italy","Games of Matchday 38 Serie A 24/25",38,15,"Cagliari",38,9,9,20,40,56,-16,36,2024
"758","Italy","Games of Matchday 38 Serie A 24/25",38,16,"Parma",38,7,15,16,44,58,-14,36,2024
"759","Italy","Games of Matchday 38 Serie A 24/25",38,17,"Lecce",38,8,10,20,27,58,-31,34,2024
"760","Italy","Games of Matchday 38 Serie A 24/25",38,18,"FC Empoli",38,6,13,19,33,59,-26,31,2024
"761","Italy","Games of Matchday 38 Serie A 24/25",38,19,"Venezia",38,5,14,19,32,56,-24,29,2024
"762","Italy","Games of Matchday 38 Serie A 24/25",38,20,"Monza",38,3,9,26,28,69,-41,18,2024
"763","France","Games of Matchday 34 Ligue 1 24/25",34,1,"PSG",34,26,6,2,92,35,57,84,2024
"764","France","Games of Matchday 34 Ligue 1 24/25",34,2,"Marseille",34,20,5,9,74,47,27,65,2024
"765","France","Games of Matchday 34 Ligue 1 24/25",34,3,"Monaco",34,18,7,9,63,41,22,61,2024
"766","France","Games of Matchday 34 Ligue 1 24/25",34,4,"Nice",34,17,9,8,66,41,25,60,2024
"767","France","Games of Matchday 34 Ligue 1 24/25",34,5,"Lille",34,17,9,8,52,36,16,60,2024
"768","France","Games of Matchday 34 Ligue 1 24/25",34,6,"Lyon",34,17,6,11,65,46,19,57,2024
"769","France","Games of Matchday 34 Ligue 1 24/25",34,7,"R. Strasbourg",34,16,9,9,56,44,12,57,2024
"770","France","Games of Matchday 34 Ligue 1 24/25",34,8,"Lens",34,15,7,12,42,39,3,52,2024
"771","France","Games of Matchday 34 Ligue 1 24/25",34,9,"Stade Brestois",34,15,5,14,52,59,-7,50,2024
"772","France","Games of Matchday 34 Ligue 1 24/25",34,10,"Toulouse",34,11,9,14,44,43,1,42,2024
"773","France","Games of Matchday 34 Ligue 1 24/25",34,11,"AJ Auxerre",34,11,9,14,48,51,-3,42,2024
"774","France","Games of Matchday 34 Ligue 1 24/25",34,12,"Stade Rennais",34,13,2,19,51,50,1,41,2024
"775","France","Games of Matchday 34 Ligue 1 24/25",34,13,"FC Nantes",34,8,12,14,39,52,-13,36,2024
"776","France","Games of Matchday 34 Ligue 1 24/25",34,14,"Angers SCO",34,10,6,18,32,53,-21,36,2024
"777","France","Games of Matchday 34 Ligue 1 24/25",34,15,"Le Havre AC",34,10,4,20,40,71,-31,34,2024
"778","France","Games of Matchday 34 Ligue 1 24/25",34,16,"Stade Reims",34,8,9,17,33,47,-14,33,2024
"779","France","Games of Matchday 34 Ligue 1 24/25",34,17,"Saint-Étienne",34,8,6,20,39,77,-38,30,2024
"780","France","Games of Matchday 34 Ligue 1 24/25",34,18,"Montpellier",34,4,4,26,23,79,-56,16,2024
